lost_item_id,type_of_item,discovery_time,return_time,last_announcement_time,degree_of_importance,worker_id,visitor_id
1,"Cheese - Romano, Grated",25/12/2021,21/07/2021,18/10/2021,S,1,1
2,"Salmon - Atlantic, Skin On",08/05/2021,24/03/2022,13/06/2021,XL,2,2
3,"Bread - Rolls, Corn",17/05/2021,02/04/2022,11/10/2021,XS,3,3
4,"Pasta - Rotini, Dry",27/07/2021,06/03/2022,06/09/2021,3XL,4,4
5,Turkey Leg With Drum And Thigh,17/03/2022,14/04/2022,07/10/2021,2XL,5,5
6,Appetizer - Sausage Rolls,14/09/2021,24/07/2021,05/10/2021,L,6,6
7,Appetizer - Southwestern,05/09/2021,14/01/2022,15/12/2021,XL,7,7
8,Pears - Anjou,21/07/2021,05/04/2022,18/03/2022,S,8,8
9,Passion Fruit,15/07/2021,24/04/2022,22/01/2022,XL,9,9
10,"Chicken - Thigh, Bone In",10/05/2021,24/07/2021,05/03/2022,S,10,10
11,Wine - Casillero Del Diablo,17/04/2022,25/09/2021,22/02/2022,2XL,11,11
12,Wine - White Cab Sauv.on,07/06/2021,26/08/2021,06/03/2022,L,12,12
13,Cheese - Wine,15/08/2021,24/05/2021,03/07/2021,M,13,13
14,"Syrup - Monin, Amaretta",02/05/2021,16/06/2021,06/01/2022,S,14,14
15,Potatoes - Peeled,10/03/2022,27/06/2021,24/10/2021,S,15,15
16,Garlic,21/08/2021,25/04/2021,15/03/2022,2XL,16,16
17,Soup - Campbells Bean Medley,06/03/2022,08/03/2022,09/05/2021,3XL,17,17
18,Rootbeer,13/11/2021,24/04/2022,14/08/2021,2XL,18,18
19,"Soup - Campbells, Spinach Crm",13/12/2021,08/11/2021,19/08/2021,S,19,19
20,Ostrich - Prime Cut,11/04/2022,22/12/2021,19/03/2022,3XL,20,20
21,Yukon Jack,11/10/2021,08/07/2021,31/05/2021,L,21,21
22,Wine - Vouvray Cuvee Domaine,06/05/2021,19/02/2022,13/09/2021,XL,22,22
23,Bar Bran Honey Nut,13/11/2021,21/11/2021,15/05/2021,3XL,23,23
24,Miso - Soy Bean Paste,31/07/2021,10/02/2022,24/10/2021,2XL,24,24
25,Syrup - Pancake,11/02/2022,29/04/2021,06/04/2022,S,25,25
26,Scallops - In Shell,31/12/2021,03/10/2021,28/12/2021,2XL,26,26
27,Plastic Arrow Stir Stick,15/11/2021,20/07/2021,27/05/2021,3XL,27,27
28,Frangelico,19/10/2021,08/09/2021,28/11/2021,S,28,28
29,Mustard - Seed,21/03/2022,19/05/2021,07/06/2021,XL,29,29
30,Onions - Red Pearl,29/05/2021,26/11/2021,05/05/2021,S,30,30
31,Gherkin,19/10/2021,25/03/2022,18/10/2021,XS,31,31
32,"Nut - Chestnuts, Whole",18/12/2021,16/10/2021,07/12/2021,2XL,32,32
33,Bread - Rosemary Focaccia,01/03/2022,25/08/2021,18/04/2022,2XL,33,33
34,Toothpick Frilled,06/07/2021,13/04/2022,21/07/2021,2XL,34,34
35,Milk - Homo,27/03/2022,17/10/2021,08/06/2021,XS,35,35
36,Ecolab Silver Fusion,07/11/2021,13/02/2022,31/05/2021,2XL,36,36
37,Wine - Fontanafredda Barolo,18/05/2021,04/02/2022,22/01/2022,XL,37,37
38,Daikon Radish,03/06/2021,09/10/2021,02/05/2021,2XL,38,38
39,Mustard - Seed,11/04/2022,27/11/2021,16/10/2021,XS,39,39
40,Cake - Bande Of Fruit,05/05/2021,10/05/2021,04/03/2022,XL,40,40
41,Lidsoupcont Rp12dn,13/04/2022,13/12/2021,24/10/2021,XS,41,41
42,Fork - Plastic,10/03/2022,26/08/2021,11/02/2022,L,42,42
43,"Wine - White, Cooking",22/06/2021,23/06/2021,18/08/2021,XS,43,43
44,Spring Roll Veg Mini,27/09/2021,26/09/2021,16/07/2021,M,44,44
45,"Chicken - Leg, Fresh",13/04/2022,09/09/2021,18/09/2021,3XL,45,45
46,Oil - Sesame,25/06/2021,03/05/2021,11/09/2021,3XL,46,46
47,Soup - Base Broth Beef,14/09/2021,21/11/2021,06/09/2021,3XL,47,47
48,"Juice - Orange, Concentrate",05/04/2022,30/05/2021,19/07/2021,3XL,48,48
49,Eggplant Oriental,10/02/2022,06/07/2021,02/05/2021,S,49,49
50,Long Island Ice Tea,31/05/2021,28/07/2021,20/09/2021,XL,50,50
51,"Juice - Orange, Concentrate",17/12/2021,19/05/2021,08/06/2021,3XL,51,51
52,Cookie - Dough Variety,01/01/2022,11/04/2022,30/07/2021,2XL,52,52
53,Gatorade - Orange,04/08/2021,29/12/2021,10/09/2021,2XL,53,53
54,Dish Towel,03/05/2021,13/01/2022,13/07/2021,M,54,54
55,Steam Pan - Half Size Deep,13/01/2022,25/09/2021,04/04/2022,M,55,55
56,Appetiser - Bought,25/07/2021,05/06/2021,12/10/2021,L,56,56
57,Puree - Pear,19/04/2022,20/03/2022,21/07/2021,2XL,57,57
58,Coffee - Espresso,22/04/2022,24/11/2021,24/12/2021,2XL,58,58
59,Basil - Fresh,07/11/2021,13/06/2021,30/10/2021,3XL,59,59
60,Salt - Kosher,12/08/2021,13/11/2021,03/11/2021,L,60,60
61,Pork - Smoked Back Bacon,02/10/2021,05/11/2021,05/09/2021,M,61,61
62,"Cheese - Romano, Grated",31/07/2021,11/04/2022,02/03/2022,M,62,62
63,Blue Curacao - Marie Brizard,07/11/2021,15/12/2021,23/04/2022,S,63,63
64,Mix - Cappucino Cocktail,09/01/2022,21/08/2021,21/01/2022,XS,64,64
65,"Trout - Rainbow, Frozen",08/09/2021,23/10/2021,02/07/2021,2XL,65,65
66,Sausage - Blood Pudding,07/11/2021,27/12/2021,05/07/2021,L,66,66
67,Kellogs Cereal In A Cup,23/10/2021,11/03/2022,27/08/2021,L,67,67
68,Wine - Maipo Valle Cabernet,03/08/2021,21/07/2021,12/08/2021,M,68,68
69,Milk - Chocolate 250 Ml,21/09/2021,29/10/2021,23/04/2022,M,69,69
70,Napkin White,13/11/2021,16/10/2021,11/10/2021,S,70,70
71,Yoplait - Strawbrasp Peac,12/08/2021,29/04/2021,21/10/2021,2XL,71,71
72,"Wine - White, Pelee Island",26/06/2021,04/03/2022,21/11/2021,S,72,72
73,Limes,04/01/2022,27/02/2022,02/04/2022,XS,73,73
74,Soup - Campbells Asian Noodle,18/07/2021,28/12/2021,28/06/2021,S,74,74
75,"Pasta - Lasagne, Fresh",29/11/2021,02/01/2022,19/10/2021,M,75,75
76,Lamb Shoulder Boneless Nz,19/04/2022,12/03/2022,21/06/2021,L,76,76
77,"Wine - Red, Cooking",06/11/2021,24/02/2022,28/06/2021,M,77,77
78,Wine - Beringer Founders Estate,06/02/2022,10/01/2022,15/09/2021,2XL,78,78
79,Straw - Regular,12/08/2021,16/04/2022,14/03/2022,M,79,79
80,Beer - Original Organic Lager,23/05/2021,27/01/2022,08/01/2022,XS,80,80
81,"Soda Water - Club Soda, 355 Ml",21/12/2021,20/10/2021,22/02/2022,3XL,81,81
82,Pail With Metal Handle 16l White,26/05/2021,14/12/2021,11/05/2021,S,82,82
83,Pastry - Baked Cinnamon Stick,18/05/2021,19/03/2022,05/11/2021,S,83,83
84,Barley - Pearl,18/11/2021,08/12/2021,22/02/2022,S,84,84
85,"Pepper - Paprika, Hungarian",19/09/2021,24/01/2022,31/07/2021,S,85,85
86,Oats Large Flake,25/03/2022,25/10/2021,13/12/2021,XS,86,86
87,Tart - Lemon,02/06/2021,27/03/2022,18/10/2021,XL,87,87
88,Wine - Remy Pannier Rose,14/10/2021,05/02/2022,22/02/2022,S,88,88
89,Garam Masala Powder,21/01/2022,07/09/2021,28/11/2021,M,89,89
90,Bread - Raisin Walnut Pull,05/04/2022,14/12/2021,17/07/2021,XL,90,90
91,Wine - Jackson Triggs Okonagan,16/05/2021,18/02/2022,16/07/2021,2XL,91,91
92,V8 Splash Strawberry Kiwi,07/11/2021,15/11/2021,03/06/2021,XL,92,92
93,Savory,22/11/2021,30/05/2021,28/05/2021,M,93,93
94,Nantucket Pine Orangebanana,05/12/2021,23/04/2022,24/10/2021,3XL,94,94
95,Sauce - Roasted Red Pepper,10/12/2021,28/03/2022,20/12/2021,S,95,95
96,"Pasta - Fettuccine, Egg, Fresh",16/01/2022,25/04/2021,28/08/2021,XS,96,96
97,Sprouts - Onion,31/12/2021,16/01/2022,09/02/2022,XS,97,97
98,Soap - Hand Soap,25/11/2021,24/09/2021,29/05/2021,M,98,98
99,Scampi Tail,05/07/2021,22/01/2022,15/12/2021,S,99,99
100,Ham - Virginia,24/09/2021,26/01/2022,30/10/2021,XS,100,100
101,Crackers - Trio,23/05/2021,04/06/2021,01/04/2022,L,101,101
102,Soup - Campbells - Tomato,21/08/2021,19/07/2021,10/05/2021,S,102,102
103,"Lettuce - Romaine, Heart",13/11/2021,02/11/2021,08/07/2021,M,103,103
104,"Soup - Canadian Pea, Dry Mix",22/01/2022,28/11/2021,25/05/2021,L,104,104
105,Jameson Irish Whiskey,27/03/2022,22/10/2021,22/06/2021,S,105,105
106,"Mushroom - Enoki, Fresh",18/04/2022,05/05/2021,08/10/2021,M,106,106
107,Carbonated Water - Lemon Lime,03/10/2021,18/04/2022,03/08/2021,S,107,107
108,Onion Powder,01/09/2021,28/11/2021,27/09/2021,L,108,108
109,Napkin Colour,14/03/2022,04/11/2021,06/10/2021,2XL,109,109
110,Loquat,10/03/2022,04/12/2021,07/10/2021,2XL,110,110
111,Cocoa Butter,10/09/2021,01/05/2021,09/01/2022,M,111,111
112,Beef - Top Sirloin,28/06/2021,20/11/2021,15/12/2021,XS,112,112
113,"Vermouth - Sweet, Cinzano",07/05/2021,19/11/2021,08/07/2021,XS,113,113
114,Syrup - Pancake,13/11/2021,03/08/2021,20/11/2021,L,114,114
115,Pork - Sausage Casing,31/03/2022,10/11/2021,08/08/2021,S,115,115
116,Lidsoupcont Rp12dn,06/08/2021,14/04/2022,24/10/2021,XS,116,116
117,"Salmon - Atlantic, Fresh, Whole",02/04/2022,21/12/2021,06/03/2022,L,117,117
118,"Wine - White, French Cross",16/09/2021,27/09/2021,18/11/2021,XS,118,118
119,The Pop Shoppe Pinapple,18/06/2021,15/07/2021,01/11/2021,L,119,119
120,Eggs - Extra Large,10/04/2022,21/01/2022,29/08/2021,M,120,120
121,"Pasta - Elbows, Macaroni, Dry",02/10/2021,04/09/2021,07/10/2021,M,121,121
122,Bread - Bistro White,16/12/2021,02/01/2022,04/02/2022,L,122,122
123,Rabbit - Legs,08/12/2021,14/03/2022,24/04/2022,XL,123,123
124,Cake - Night And Day Choclate,10/11/2021,29/01/2022,20/02/2022,XL,124,124
125,"Tart Shells - Barquettes, Savory",24/01/2022,20/01/2022,24/03/2022,L,125,125
126,Coffee Guatemala Dark,07/06/2021,31/12/2021,04/04/2022,S,126,126
127,Pate Pans Yellow,08/01/2022,23/09/2021,06/12/2021,S,127,127
128,Bread - Italian Sesame Poly,23/12/2021,21/10/2021,04/01/2022,2XL,128,128
129,Table Cloth 53x69 White,18/06/2021,02/08/2021,19/07/2021,2XL,129,129
130,Chicken - Livers,16/09/2021,01/04/2022,06/05/2021,M,130,130
131,"Nut - Peanut, Roasted",01/07/2021,01/09/2021,24/09/2021,L,131,131
132,Flower - Dish Garden,04/03/2022,01/10/2021,03/09/2021,S,132,132
133,Shortbread - Cookie Crumbs,25/09/2021,25/12/2021,22/12/2021,M,133,133
134,Chocolate - Liqueur Cups With Foil,07/10/2021,17/08/2021,14/10/2021,S,134,134
135,Lemon Tarts,26/08/2021,01/01/2022,29/08/2021,2XL,135,135
136,Tea - Honey Green Tea,24/02/2022,29/01/2022,25/07/2021,2XL,136,136
137,"Pineapple - Canned, Rings",11/11/2021,28/02/2022,19/01/2022,3XL,137,137
138,"Bread - Dark Rye, Loaf",05/07/2021,22/12/2021,14/07/2021,S,138,138
139,Watercress,14/05/2021,14/04/2022,21/05/2021,S,139,139
140,Fondant - Icing,22/06/2021,28/03/2022,21/12/2021,3XL,140,140
141,Tequila - Sauza Silver,16/03/2022,03/01/2022,10/03/2022,L,141,141
142,Bread - Hot Dog Buns,21/01/2022,09/07/2021,14/08/2021,XL,142,142
143,Beer - Rickards Red,09/10/2021,02/08/2021,03/10/2021,XL,143,143
144,Arctic Char - Fillets,10/05/2021,29/05/2021,17/03/2022,XL,144,144
145,"Tea - Darjeeling, Azzura",21/08/2021,14/08/2021,27/08/2021,M,145,145
146,Bread - Italian Roll With Herbs,14/03/2022,02/10/2021,27/11/2021,S,146,146
147,Chinese Foods - Chicken,28/11/2021,08/01/2022,13/07/2021,XL,147,147
148,Cabbage - Red,17/06/2021,09/11/2021,04/08/2021,XL,148,148
149,Cumin - Ground,04/09/2021,31/07/2021,10/12/2021,S,149,149
150,"Butter - Salted, Micro",06/06/2021,21/04/2022,15/10/2021,M,150,150
151,Pimento - Canned,06/03/2022,07/01/2022,25/02/2022,2XL,151,151
152,Mushroom - Portebello,28/08/2021,06/04/2022,06/03/2022,2XL,152,152
153,Cornstarch,17/03/2022,06/06/2021,12/08/2021,3XL,153,153
154,Brandy - Bar,21/10/2021,22/12/2021,14/02/2022,3XL,154,154
155,Lettuce - Lambs Mash,01/11/2021,10/08/2021,11/12/2021,L,155,155
156,Flower - Daisies,25/01/2022,10/10/2021,28/02/2022,M,156,156
157,Rhubarb,20/12/2021,20/05/2021,25/12/2021,XS,157,157
158,Campari,22/09/2021,17/09/2021,06/03/2022,3XL,158,158
159,Scallops - In Shell,25/10/2021,21/08/2021,17/05/2021,M,159,159
160,Muffin - Mix - Creme Brule 15l,04/11/2021,05/05/2021,16/04/2022,L,160,160
161,Bread - Raisin Walnut Oval,08/11/2021,16/05/2021,15/05/2021,3XL,161,161
162,Snapple Lemon Tea,28/01/2022,20/05/2021,06/09/2021,M,162,162
163,Turnip - Wax,07/04/2022,13/10/2021,13/02/2022,2XL,163,163
164,Pickle - Dill,19/08/2021,28/04/2021,04/07/2021,L,164,164
165,Chives - Fresh,01/12/2021,26/01/2022,20/11/2021,XL,165,165
166,Cookie Dough - Peanut Butter,01/01/2022,17/01/2022,27/08/2021,L,166,166
167,External Supplier,17/12/2021,12/12/2021,24/10/2021,M,167,167
168,Milk Powder,03/10/2021,10/08/2021,26/09/2021,M,168,168
169,Tuna - Loin,25/07/2021,05/02/2022,07/08/2021,S,169,169
170,"Bread - Rolls, Rye",29/07/2021,07/01/2022,11/06/2021,S,170,170
171,Dc Hikiage Hira Huba,10/07/2021,19/09/2021,23/08/2021,M,171,171
172,Catfish - Fillets,13/06/2021,11/06/2021,27/04/2021,XS,172,172
173,Oil - Macadamia,15/09/2021,09/11/2021,01/05/2021,3XL,173,173
174,Green Tea Refresher,20/10/2021,01/02/2022,22/02/2022,M,174,174
175,Tuna - Bluefin,30/01/2022,17/08/2021,20/10/2021,XS,175,175
176,"Schnappes - Peach, Walkers",13/03/2022,21/01/2022,05/01/2022,L,176,176
177,Lychee,07/05/2021,27/09/2021,19/07/2021,S,177,177
178,"Carrots - Mini, Stem On",30/03/2022,28/02/2022,20/03/2022,S,178,178
179,Remy Red Berry Infusion,29/06/2021,19/06/2021,04/10/2021,3XL,179,179
180,"Water - Mineral, Natural",09/11/2021,28/06/2021,05/07/2021,2XL,180,180
181,Cleaner - Comet,21/11/2021,22/06/2021,23/02/2022,2XL,181,181
182,Tea - Black Currant,12/03/2022,13/05/2021,08/01/2022,2XL,182,182
183,"Coconut - Shredded, Unsweet",07/01/2022,12/09/2021,22/08/2021,M,183,183
184,Banana - Green,27/07/2021,15/11/2021,17/03/2022,L,184,184
185,"Pork - Chop, Frenched",30/06/2021,11/09/2021,25/01/2022,L,185,185
186,Squash - Butternut,21/01/2022,10/04/2022,23/06/2021,2XL,186,186
187,"Pasta - Lasagne, Fresh",01/09/2021,27/12/2021,05/09/2021,XL,187,187
188,Gelatine Leaves - Bulk,29/03/2022,31/05/2021,17/09/2021,2XL,188,188
189,Basil - Pesto Sauce,24/05/2021,22/11/2021,23/05/2021,2XL,189,189
190,Alize Sunset,11/11/2021,13/09/2021,12/10/2021,2XL,190,190
191,Wine - Rosso Del Veronese Igt,22/03/2022,24/09/2021,28/11/2021,S,191,191
192,Cleaner - Lime Away,30/07/2021,21/12/2021,04/08/2021,L,192,192
193,"Lamb - Leg, Boneless",03/09/2021,23/06/2021,01/12/2021,M,193,193
194,Crab - Imitation Flakes,16/01/2022,15/04/2022,05/08/2021,3XL,194,194
195,Napkin White,26/04/2021,14/08/2021,08/08/2021,M,195,195
196,"Beans - Black Bean, Canned",26/04/2021,22/04/2022,09/03/2022,XL,196,196
197,Wine - Prem Select Charddonany,28/10/2021,13/03/2022,08/09/2021,S,197,197
198,Puff Pastry - Sheets,28/04/2021,10/08/2021,08/06/2021,3XL,198,198
199,Chips - Miss Vickies,17/05/2021,05/01/2022,12/12/2021,XL,199,199
200,Vinegar - Tarragon,28/01/2022,09/03/2022,20/02/2022,2XL,200,200
201,Crab Meat Claw Pasteurise,21/01/2022,17/01/2022,10/09/2021,S,201,201
202,"Pork - Butt, Boneless",15/06/2021,30/03/2022,01/03/2022,M,202,202
203,Banana - Green,04/03/2022,03/04/2022,24/03/2022,XS,203,203
204,Figs,28/07/2021,25/08/2021,06/02/2022,L,204,204
205,"Lobster - Baby, Boiled",06/05/2021,07/09/2021,15/06/2021,XL,205,205
206,"Tart Shells - Sweet, 3",29/08/2021,14/07/2021,13/02/2022,3XL,206,206
207,Numi - Assorted Teas,29/05/2021,18/01/2022,22/11/2021,XS,207,207
208,Nantucket Apple Juice,29/07/2021,06/10/2021,20/07/2021,S,208,208
209,Soup - Campbells Mushroom,07/05/2021,15/11/2021,23/03/2022,L,209,209
210,"Pork - Bacon, Sliced",28/02/2022,22/08/2021,18/01/2022,XS,210,210
211,Appetizer - Shrimp Puff,06/09/2021,07/02/2022,13/06/2021,XL,211,211
212,"Wine - Red, Antinori Santa",13/06/2021,14/07/2021,08/03/2022,2XL,212,212
213,Danishes - Mini Cheese,18/03/2022,15/03/2022,25/02/2022,M,213,213
214,Bread Bowl Plain,18/01/2022,18/04/2022,14/04/2022,S,214,214
215,Venison - Ground,16/04/2022,19/04/2022,20/01/2022,L,215,215
216,Clam Nectar,24/02/2022,26/03/2022,02/08/2021,3XL,216,216
217,"Tomatoes - Diced, Canned",13/10/2021,18/09/2021,15/04/2022,L,217,217
218,Wine - Remy Pannier Rose,04/05/2021,11/12/2021,18/01/2022,2XL,218,218
219,Chips Potato Salt Vinegar 43g,20/12/2021,13/06/2021,08/11/2021,XL,219,219
220,Bagel - Whole White Sesame,09/02/2022,22/12/2021,08/07/2021,3XL,220,220
221,"Dill - Primerba, Paste",26/05/2021,21/06/2021,07/07/2021,3XL,221,221
222,"Pasta - Bauletti, Chicken White",09/03/2022,14/11/2021,04/07/2021,M,222,222
223,Island Oasis - Wildberry,22/04/2022,19/05/2021,13/08/2021,XL,223,223
224,Creme De Cacao White,17/06/2021,05/03/2022,13/11/2021,XL,224,224
225,"C - Plus, Orange",21/09/2021,24/12/2021,14/12/2021,L,225,225
226,Tomatillo,23/12/2021,11/04/2022,05/08/2021,XL,226,226
227,Milk 2% 500 Ml,23/02/2022,21/12/2021,29/10/2021,XL,227,227
228,Ecolab - Solid Fusion,18/11/2021,07/10/2021,02/07/2021,2XL,228,228
229,Grapes - Red,13/06/2021,11/03/2022,06/10/2021,XL,229,229
230,Hold Up Tool Storage Rack,29/07/2021,07/11/2021,07/10/2021,XS,230,230
231,Currants,21/12/2021,11/07/2021,01/11/2021,XL,231,231
232,Bread - Raisin Walnut Oval,04/06/2021,22/07/2021,26/10/2021,XL,232,232
233,Juice - Ocean Spray Kiwi,20/06/2021,25/03/2022,09/02/2022,S,233,233
234,Beer - Steamwhistle,01/06/2021,24/10/2021,25/12/2021,S,234,234
235,Rice Wine - Aji Mirin,29/07/2021,09/12/2021,01/06/2021,XS,235,235
236,"Pasta - Cannelloni, Sheets, Fresh",16/08/2021,16/03/2022,18/05/2021,3XL,236,236
237,Longos - Lasagna Veg,16/06/2021,09/03/2022,14/05/2021,2XL,237,237
238,Gelatine Leaves - Bulk,01/02/2022,14/04/2022,26/10/2021,XL,238,238
239,Wine - Magnotta - Pinot Gris Sr,15/07/2021,06/03/2022,28/02/2022,M,239,239
240,Cheese - Provolone,15/12/2021,10/10/2021,11/10/2021,S,240,240
241,Yeast Dry - Fleischman,02/01/2022,05/10/2021,25/04/2021,3XL,241,241
242,"Soup - Knorr, Classic Can. Chili",05/09/2021,01/12/2021,26/01/2022,M,242,242
243,"Rum - White, Gg White",03/05/2021,25/03/2022,10/02/2022,2XL,243,243
244,Chervil - Fresh,23/03/2022,21/03/2022,13/10/2021,XL,244,244
245,Evaporated Milk - Skim,12/01/2022,01/04/2022,01/01/2022,XL,245,245
246,Table Cloth 53x69 White,13/12/2021,17/11/2021,11/02/2022,2XL,246,246
247,Anchovy Paste - 56 G Tube,09/12/2021,04/04/2022,26/10/2021,L,247,247
248,Bread - Burger,06/08/2021,12/02/2022,30/08/2021,XL,248,248
249,Wine - Lou Black Shiraz,09/03/2022,22/02/2022,02/07/2021,S,249,249
250,Chips Potato Salt Vinegar 43g,31/01/2022,22/12/2021,12/02/2022,XS,250,250
251,Rabbit - Legs,11/08/2021,14/11/2021,19/01/2022,M,251,251
252,"Oil - Shortening,liqud, Fry",09/03/2022,17/10/2021,13/05/2021,XS,252,252
253,Cookies - Englishbay Wht,10/12/2021,10/05/2021,06/01/2022,L,253,253
254,Wine - Tio Pepe Sherry Fino,30/08/2021,03/05/2021,02/01/2022,M,254,254
255,Veal - Insides Provini,29/04/2021,13/10/2021,09/02/2022,L,255,255
256,Wine - Stoneliegh Sauvignon,15/04/2022,07/12/2021,09/02/2022,3XL,256,256
257,Radish,28/01/2022,17/04/2022,15/02/2022,3XL,257,257
258,Wine - Champagne Brut Veuve,16/07/2021,09/07/2021,18/09/2021,XS,258,258
259,Bay Leaf,19/09/2021,08/01/2022,15/03/2022,3XL,259,259
260,Kellogs Cereal In A Cup,27/11/2021,17/10/2021,27/02/2022,L,260,260
261,White Baguette,05/08/2021,16/04/2022,06/04/2022,L,261,261
262,Scallops - In Shell,23/10/2021,25/10/2021,01/05/2021,3XL,262,262
263,Capon - Whole,03/07/2021,03/09/2021,14/01/2022,L,263,263
264,Broom And Broom Rack White,24/08/2021,04/07/2021,16/06/2021,L,264,264
265,"Pasta - Shells, Medium, Dry",22/10/2021,26/08/2021,27/05/2021,3XL,265,265
266,"Roe - Lump Fish, Red",19/05/2021,03/04/2022,29/06/2021,3XL,266,266
267,Soup - Campbells Beef Stew,09/08/2021,05/06/2021,10/12/2021,L,267,267
268,Cod - Fillets,05/11/2021,30/06/2021,28/03/2022,XS,268,268
269,Noodles - Steamed Chow Mein,12/10/2021,23/09/2021,23/08/2021,S,269,269
270,Wine - Rioja Campo Viejo,31/07/2021,27/10/2021,19/01/2022,2XL,270,270
271,Sterno - Chafing Dish Fuel,30/11/2021,06/08/2021,19/12/2021,XL,271,271
272,"Star Anise, Whole",09/01/2022,16/05/2021,25/10/2021,S,272,272
273,Sage - Ground,03/10/2021,12/09/2021,24/02/2022,3XL,273,273
274,Appetizer - Smoked Salmon / Dill,27/07/2021,13/09/2021,10/02/2022,M,274,274
275,Lobster - Cooked,05/03/2022,24/01/2022,21/12/2021,2XL,275,275
276,Pastry - Key Limepoppy Seed Tea,21/05/2021,17/05/2021,26/09/2021,S,276,276
277,Sun - Dried Tomatoes,15/01/2022,13/08/2021,16/03/2022,M,277,277
278,"Lobster - Tail, 3 - 4 Oz",27/05/2021,07/04/2022,24/11/2021,M,278,278
279,Eggplant - Baby,07/01/2022,14/12/2021,24/03/2022,S,279,279
280,Nut - Pumpkin Seeds,24/02/2022,04/08/2021,09/01/2022,2XL,280,280
281,Waffle Stix,15/08/2021,07/06/2021,31/12/2021,L,281,281
282,Wine - Duboeuf Beaujolais,23/10/2021,07/10/2021,15/09/2021,3XL,282,282
283,"Lentils - Red, Dry",10/01/2022,26/05/2021,20/10/2021,S,283,283
284,Cheese - Provolone,14/04/2022,15/06/2021,27/01/2022,2XL,284,284
285,Lamb Rack - Ontario,24/12/2021,16/03/2022,10/06/2021,3XL,285,285
286,"Pepper - Green, Chili",02/01/2022,12/07/2021,25/02/2022,2XL,286,286
287,Chicken - Leg / Back Attach,15/04/2022,12/07/2021,09/03/2022,M,287,287
288,Lid Coffee Cup 8oz Blk,17/02/2022,04/07/2021,18/11/2021,S,288,288
289,Wakami Seaweed,28/01/2022,26/04/2021,16/12/2021,2XL,289,289
290,Coffee Caramel Biscotti,19/09/2021,24/04/2022,29/12/2021,S,290,290
291,Cabbage - Savoy,30/10/2021,24/04/2022,02/04/2022,2XL,291,291
292,Lobster - Tail 6 Oz,24/02/2022,27/09/2021,11/01/2022,3XL,292,292
293,Horseradish - Prepared,01/12/2021,13/05/2021,27/06/2021,2XL,293,293
294,Lychee - Canned,07/07/2021,25/04/2021,04/01/2022,S,294,294
295,Pastry - Cherry Danish - Mini,25/03/2022,18/04/2022,07/12/2021,L,295,295
296,Bols Melon Liqueur,01/12/2021,02/11/2021,25/07/2021,XL,296,296
297,"Placemat - Scallop, White",03/01/2022,24/03/2022,20/02/2022,S,297,297
298,Soup Knorr Chili With Beans,25/03/2022,13/11/2021,02/07/2021,M,298,298
299,Shrimp - Black Tiger 8 - 12,29/08/2021,02/04/2022,22/06/2021,L,299,299
300,Gelatine Powder,22/09/2021,25/03/2022,21/05/2021,L,300,300
301,Wine - Ruffino Chianti Classico,20/04/2022,22/12/2021,12/11/2021,L,301,301
302,Soap - Mr.clean Floor Soap,10/04/2022,14/10/2021,10/09/2021,XS,302,302
303,Crackers - Soda / Saltins,26/02/2022,23/03/2022,30/08/2021,L,303,303
304,Cake - Night And Day Choclate,28/11/2021,06/02/2022,29/07/2021,M,304,304
305,Butter - Salted,25/10/2021,04/02/2022,07/08/2021,XS,305,305
306,Vinegar - Raspberry,23/10/2021,16/06/2021,01/03/2022,XL,306,306
307,Table Cloth 62x120 Colour,29/06/2021,16/02/2022,16/09/2021,XS,307,307
308,Coffee - Dark Roast,16/03/2022,11/08/2021,07/02/2022,L,308,308
309,Wine - Sicilia Igt Nero Avola,20/08/2021,26/10/2021,19/06/2021,L,309,309
310,Oven Mitt - 13 Inch,15/01/2022,10/03/2022,11/09/2021,XS,310,310
311,Chips - Assorted,22/03/2022,25/08/2021,04/05/2021,L,311,311
312,Pastry - French Mini Assorted,01/08/2021,28/03/2022,14/02/2022,M,312,312
313,Savory,27/02/2022,12/09/2021,06/01/2022,XS,313,313
314,Parsley - Fresh,18/04/2022,13/07/2021,28/02/2022,M,314,314
315,Wine - Charddonnay Errazuriz,29/12/2021,30/11/2021,02/07/2021,2XL,315,315
316,Water - San Pellegrino,01/06/2021,08/11/2021,12/05/2021,S,316,316
317,Muffin - Bran Ind Wrpd,03/04/2022,05/07/2021,09/08/2021,S,317,317
318,Chocolate - Liqueur Cups With Foil,18/02/2022,10/11/2021,08/03/2022,2XL,318,318
319,Remy Red,11/10/2021,03/01/2022,14/06/2021,M,319,319
320,Lettuce - Escarole,04/11/2021,31/10/2021,13/01/2022,XL,320,320
321,Taro Leaves,25/11/2021,17/07/2021,01/02/2022,M,321,321
322,Cognac - Courvaisier,15/05/2021,05/01/2022,28/09/2021,2XL,322,322
323,Bagel - Ched Chs Presliced,18/06/2021,12/01/2022,16/05/2021,XL,323,323
324,Coffee - Almond Amaretto,25/02/2022,01/05/2021,29/01/2022,XS,324,324
325,Turkey - Ground. Lean,21/09/2021,23/02/2022,12/10/2021,3XL,325,325
326,Veal - Leg,24/08/2021,01/07/2021,10/09/2021,M,326,326
327,Pork - Inside,03/11/2021,07/08/2021,05/07/2021,S,327,327
328,Island Oasis - Mango Daiquiri,15/06/2021,05/11/2021,14/08/2021,3XL,328,328
329,"Coconut - Shredded, Sweet",22/06/2021,16/08/2021,14/10/2021,XS,329,329
330,V8 Pet,20/10/2021,29/03/2022,21/10/2021,L,330,330
331,"Jam - Raspberry,jar",17/05/2021,21/04/2022,21/07/2021,2XL,331,331
332,Bonito Flakes - Toku Katsuo,17/03/2022,17/01/2022,15/04/2022,L,332,332
333,Carrots - Mini Red Organic,15/11/2021,03/08/2021,14/12/2021,L,333,333
334,Soup - Campbells Beef Noodle,05/12/2021,17/05/2021,09/12/2021,XL,334,334
335,Maple Syrup,17/06/2021,22/04/2022,07/09/2021,XS,335,335
336,"Iced Tea - Lemon, 340ml",23/11/2021,13/11/2021,05/09/2021,3XL,336,336
337,Steel Wool,14/08/2021,11/06/2021,05/05/2021,S,337,337
338,Pail For Lid 1537,18/07/2021,28/08/2021,26/08/2021,S,338,338
339,Peach - Fresh,15/06/2021,30/08/2021,20/03/2022,XL,339,339
340,"Wine - Red, Cabernet Merlot",14/08/2021,06/09/2021,02/11/2021,XS,340,340
341,Grouper - Fresh,25/02/2022,29/03/2022,06/08/2021,S,341,341
342,Shopper Bag - S - 4,03/09/2021,01/08/2021,29/03/2022,XS,342,342
343,Phyllo Dough,20/08/2021,24/12/2021,23/12/2021,S,343,343
344,Pork Casing,27/07/2021,09/10/2021,21/04/2022,XL,344,344
345,Wine - Chianti Classica Docg,30/08/2021,16/06/2021,05/10/2021,L,345,345
346,Lettuce - Boston Bib,02/05/2021,12/02/2022,25/04/2021,XL,346,346
347,Strawberries,24/05/2021,01/07/2021,06/07/2021,L,347,347
348,Lamb - Whole Head Off,15/11/2021,09/03/2022,31/08/2021,S,348,348
349,Wine - Chianti Classico Riserva,10/11/2021,05/06/2021,09/08/2021,S,349,349
350,Crush - Cream Soda,09/10/2021,21/07/2021,24/09/2021,M,350,350
351,Ecolab - Ster Bac,26/10/2021,04/03/2022,10/07/2021,2XL,351,351
352,Chicken - Ground,29/01/2022,13/12/2021,11/10/2021,XL,352,352
353,"Sauce - Soya, Light",27/06/2021,22/08/2021,28/05/2021,L,353,353
354,"Star Anise, Whole",05/09/2021,20/09/2021,24/03/2022,XS,354,354
355,Pepper - Jalapeno,07/05/2021,02/12/2021,29/04/2021,XL,355,355
356,Sauce - Salsa,28/07/2021,06/09/2021,27/11/2021,XS,356,356
357,Lighter - Bbq,25/06/2021,05/10/2021,12/06/2021,XS,357,357
358,Oil - Peanut,13/05/2021,07/10/2021,11/04/2022,2XL,358,358
359,Oil - Olive Bertolli,12/10/2021,12/08/2021,24/03/2022,XS,359,359
360,"Lemonade - Mandarin, 591 Ml",21/03/2022,24/03/2022,28/01/2022,M,360,360
361,"Nut - Walnut, Chopped",28/03/2022,04/03/2022,30/11/2021,3XL,361,361
362,Nantucket - Orange Mango Cktl,02/06/2021,25/02/2022,13/11/2021,3XL,362,362
363,Flour - Fast / Rapid,19/07/2021,17/09/2021,07/08/2021,XS,363,363
364,Fudge - Chocolate Fudge,24/06/2021,20/03/2022,03/03/2022,S,364,364
365,Soup - Campbells Chili,15/10/2021,31/10/2021,16/02/2022,XS,365,365
366,Vacuum Bags 12x16,14/04/2022,16/03/2022,04/11/2021,2XL,366,366
367,Shortbread - Cookie Crumbs,30/09/2021,19/05/2021,13/10/2021,M,367,367
368,Wine - Vidal Icewine Magnotta,02/05/2021,18/11/2021,16/10/2021,XL,368,368
369,"Wine - White, Pinot Grigio",08/08/2021,23/04/2022,17/09/2021,M,369,369
370,"Soup - Campbells, Cream Of",28/08/2021,17/07/2021,15/02/2022,XL,370,370
371,Cake - Cake Sheet Macaroon,19/12/2021,15/03/2022,20/02/2022,XS,371,371
372,Blackberries,24/03/2022,01/10/2021,07/09/2021,3XL,372,372
373,Foil Wrap,07/11/2021,04/08/2021,11/03/2022,S,373,373
374,"Lemonade - Island Tea, 591 Ml",08/05/2021,03/01/2022,28/02/2022,XL,374,374
375,Smoked Paprika,20/09/2021,22/12/2021,07/07/2021,M,375,375
376,"Split Peas - Yellow, Dry",23/04/2022,04/01/2022,14/12/2021,2XL,376,376
377,"Apple - Delicious, Golden",20/12/2021,04/07/2021,13/02/2022,2XL,377,377
378,"Sauce - Black Current, Dry Mix",13/08/2021,09/02/2022,05/08/2021,3XL,378,378
379,"Brocolinni - Gaylan, Chinese",17/10/2021,13/03/2022,08/07/2021,XL,379,379
380,Wine - Ruffino Chianti Classico,01/06/2021,05/09/2021,15/12/2021,2XL,380,380
381,Cumin - Whole,06/03/2022,27/03/2022,17/12/2021,L,381,381
382,Black Currants,19/05/2021,04/08/2021,20/03/2022,3XL,382,382
383,Ezy Change Mophandle,10/05/2021,20/05/2021,11/03/2022,XS,383,383
384,"Napkin - Beverge, White 2 - Ply",07/09/2021,08/02/2022,22/04/2022,XL,384,384
385,Sauerkraut,02/11/2021,19/06/2021,05/11/2021,S,385,385
386,Puff Pastry - Slab,14/08/2021,06/11/2021,04/08/2021,2XL,386,386
387,Pork - Bones,17/06/2021,07/10/2021,25/10/2021,3XL,387,387
388,Pasta - Agnolotti - Butternut,29/09/2021,16/10/2021,11/02/2022,XS,388,388
389,Duck - Legs,22/05/2021,12/06/2021,26/08/2021,2XL,389,389
390,"Fish - Halibut, Cold Smoked",14/01/2022,26/05/2021,13/06/2021,2XL,390,390
391,Crackers - Graham,01/12/2021,20/01/2022,21/12/2021,M,391,391
392,Mousse - Passion Fruit,04/08/2021,01/11/2021,04/01/2022,M,392,392
393,Petite Baguette,16/04/2022,18/09/2021,26/06/2021,2XL,393,393
394,Vinegar - Champagne,17/08/2021,21/06/2021,19/08/2021,S,394,394
395,Compound - Raspberry,24/08/2021,27/07/2021,20/07/2021,XS,395,395
396,Almonds Ground Blanched,17/06/2021,22/02/2022,23/06/2021,XL,396,396
397,"Lamb - Racks, Frenched",28/10/2021,11/01/2022,12/10/2021,XL,397,397
398,Icecream - Dibs,07/04/2022,12/09/2021,11/05/2021,2XL,398,398
399,Olives - Kalamata,30/10/2021,03/06/2021,16/04/2022,M,399,399
400,Bar Mix - Lemon,13/09/2021,24/11/2021,06/08/2021,XL,400,400
401,"Carrots - Purple, Organic",29/07/2021,03/05/2021,03/11/2021,XL,401,401
402,Lamb - Loin Chops,18/03/2022,21/06/2021,06/06/2021,3XL,402,402
403,"Pasta - Orzo, Dry",27/04/2021,08/04/2022,02/10/2021,2XL,403,403
404,Cheese - Perron Cheddar,12/04/2022,08/12/2021,11/06/2021,3XL,404,404
405,Broom - Push,05/10/2021,20/09/2021,16/04/2022,XS,405,405
406,Sesame Seed,16/03/2022,12/04/2022,03/10/2021,XL,406,406
407,Yams,27/02/2022,29/05/2021,24/01/2022,3XL,407,407
408,Cumin - Ground,01/07/2021,25/10/2021,20/09/2021,2XL,408,408
409,Cup - Translucent 7 Oz Clear,18/11/2021,20/10/2021,17/05/2021,XS,409,409
410,Pastry - Cherry Danish - Mini,20/10/2021,25/01/2022,15/03/2022,M,410,410
411,"Chocolate - Pistoles, Lactee, Milk",08/05/2021,02/06/2021,05/02/2022,M,411,411
412,"Soup - Beef, Base Mix",11/11/2021,12/02/2022,05/03/2022,XS,412,412
413,"Clams - Littleneck, Whole",31/12/2021,20/08/2021,13/03/2022,S,413,413
414,Sugar - Fine,09/10/2021,07/02/2022,24/03/2022,XS,414,414
415,Devonshire Cream,07/11/2021,10/02/2022,08/12/2021,3XL,415,415
416,Appetizer - Lobster Phyllo Roll,11/09/2021,05/01/2022,25/10/2021,XL,416,416
417,"Radish - Black, Winter, Organic",01/10/2021,20/05/2021,22/01/2022,XL,417,417
418,Cheese - Asiago,24/01/2022,20/04/2022,10/01/2022,S,418,418
419,"Pepper - Black, Ground",21/06/2021,12/08/2021,21/07/2021,M,419,419
420,Mince Meat - Filling,15/12/2021,04/06/2021,19/05/2021,XS,420,420
421,Lettuce - Sea / Sea Asparagus,03/08/2021,02/08/2021,01/10/2021,3XL,421,421
422,Wine - Savigny - Les - Beaune,02/02/2022,01/07/2021,16/02/2022,3XL,422,422
423,Sobe - Lizard Fuel,18/09/2021,05/07/2021,24/06/2021,3XL,423,423
424,Muskox - French Rack,16/08/2021,07/06/2021,23/06/2021,XS,424,424
425,Beer - Heinekin,11/06/2021,21/12/2021,27/04/2021,3XL,425,425
426,Bread Cranberry Foccacia,07/10/2021,17/04/2022,10/10/2021,S,426,426
427,Lotus Leaves,31/05/2021,28/02/2022,09/12/2021,XL,427,427
428,"Tomatoes - Cherry, Yellow",17/05/2021,15/06/2021,29/11/2021,XS,428,428
429,Eel Fresh,23/10/2021,01/05/2021,08/04/2022,XL,429,429
430,Potatoes - Fingerling 4 Oz,02/11/2021,19/01/2022,22/08/2021,L,430,430
431,"Lemonade - Strawberry, 591 Ml",29/08/2021,16/07/2021,19/04/2022,L,431,431
432,Cake - Cake Sheet Macaroon,17/06/2021,20/05/2021,01/05/2021,3XL,432,432
433,"Ranchero - Primerba, Paste",02/02/2022,23/06/2021,08/01/2022,3XL,433,433
434,Plastic Arrow Stir Stick,04/07/2021,04/09/2021,11/02/2022,3XL,434,434
435,Artichoke - Fresh,26/09/2021,16/05/2021,01/08/2021,3XL,435,435
436,Gooseberry,15/01/2022,28/05/2021,03/02/2022,2XL,436,436
437,Pate - Cognac,26/05/2021,08/05/2021,06/03/2022,3XL,437,437
438,Cookies - Englishbay Wht,14/07/2021,22/01/2022,02/05/2021,XS,438,438
439,Oil - Coconut,10/10/2021,02/10/2021,07/02/2022,XS,439,439
440,Nut - Pumpkin Seeds,19/11/2021,23/11/2021,18/12/2021,XL,440,440
441,Loquat,06/06/2021,23/06/2021,10/06/2021,XL,441,441
442,Wine - Periguita Fonseca,30/09/2021,28/09/2021,15/02/2022,S,442,442
443,Pepper - Scotch Bonnet,14/05/2021,28/07/2021,29/09/2021,2XL,443,443
444,Fenngreek Seed,01/07/2021,01/12/2021,29/08/2021,S,444,444
445,Tea - English Breakfast,24/06/2021,20/10/2021,12/11/2021,L,445,445
446,Rice - 7 Grain Blend,18/05/2021,24/04/2022,24/09/2021,XS,446,446
447,Beef - Ground Lean Fresh,29/12/2021,06/05/2021,01/08/2021,XS,447,447
448,Lettuce - Boston Bib - Organic,15/04/2022,25/10/2021,18/01/2022,3XL,448,448
449,Beer - Mill St Organic,28/09/2021,20/01/2022,27/12/2021,XL,449,449
450,Flavouring Vanilla Artificial,15/08/2021,09/06/2021,20/04/2022,3XL,450,450
451,"Cup - 6oz, Foam",24/12/2021,09/04/2022,02/08/2021,S,451,451
452,Sherry - Dry,25/10/2021,04/03/2022,16/02/2022,XS,452,452
453,Ginger - Pickled,07/10/2021,27/09/2021,13/07/2021,S,453,453
454,Dried Cherries,17/06/2021,22/03/2022,09/06/2021,S,454,454
455,"Mop Head - Cotton, 24 Oz",25/10/2021,27/08/2021,12/09/2021,S,455,455
456,Towel - Roll White,26/11/2021,14/02/2022,25/08/2021,S,456,456
457,Wine - Dubouef Macon - Villages,16/05/2021,24/04/2022,15/12/2021,M,457,457
458,Compound - Orange,03/07/2021,12/05/2021,12/06/2021,M,458,458
459,Water - Evian 355 Ml,04/12/2021,07/05/2021,25/11/2021,XS,459,459
460,"Asparagus - White, Canned",26/10/2021,22/02/2022,31/05/2021,3XL,460,460
461,Eggplant Oriental,29/04/2021,11/07/2021,21/01/2022,XL,461,461
462,Sambuca - Ramazzotti,24/06/2021,19/07/2021,02/02/2022,3XL,462,462
463,Sunflower Seed Raw,31/03/2022,23/02/2022,08/12/2021,M,463,463
464,Carbonated Water - Strawberry,19/07/2021,23/03/2022,26/07/2021,S,464,464
465,Cheese - Le Cheve Noir,20/08/2021,08/08/2021,03/05/2021,XS,465,465
466,Ezy Change Mophandle,03/02/2022,24/06/2021,28/08/2021,XS,466,466
467,Basil - Fresh,23/09/2021,08/11/2021,05/10/2021,S,467,467
468,Energy Drink - Franks Original,30/04/2021,12/02/2022,20/12/2021,2XL,468,468
469,Tuna - Sushi Grade,15/01/2022,27/12/2021,04/05/2021,S,469,469
470,Butter Sweet,26/07/2021,09/04/2022,21/12/2021,XS,470,470
471,Garlic,12/09/2021,17/01/2022,10/07/2021,M,471,471
472,Spice - Onion Powder Granulated,09/10/2021,12/10/2021,20/08/2021,M,472,472
473,Tumeric,10/11/2021,09/12/2021,19/01/2022,3XL,473,473
474,The Pop Shoppe - Black Cherry,13/02/2022,24/12/2021,20/09/2021,L,474,474
475,Beef - Cow Feet Split,19/06/2021,08/07/2021,30/03/2022,S,475,475
476,Flavouring Vanilla Artificial,22/10/2021,26/03/2022,24/10/2021,XL,476,476
477,Veal - Insides Provini,21/01/2022,29/06/2021,19/09/2021,M,477,477
478,Pasta - Agnolotti - Butternut,12/10/2021,27/04/2021,12/11/2021,S,478,478
479,"Stock - Beef, White",23/01/2022,11/09/2021,25/10/2021,3XL,479,479
480,Tomatoes - Hot House,24/08/2021,27/07/2021,15/10/2021,3XL,480,480
481,"Chicken - Diced, Cooked",03/05/2021,01/11/2021,22/10/2021,L,481,481
482,Creme De Banane - Marie,13/08/2021,23/11/2021,06/08/2021,L,482,482
483,Mcguinness - Blue Curacao,23/12/2021,02/08/2021,13/04/2022,3XL,483,483
484,Fond - Chocolate,18/03/2022,09/12/2021,06/05/2021,M,484,484
485,Foil Cont Round,03/02/2022,04/07/2021,21/09/2021,M,485,485
486,Cheese - Pont Couvert,28/09/2021,15/03/2022,22/09/2021,2XL,486,486
487,Gelatine Leaves - Bulk,18/01/2022,05/06/2021,08/04/2022,M,487,487
488,Tea - Black Currant,13/10/2021,22/12/2021,25/07/2021,XS,488,488
489,Bread - Sour Batard,03/12/2021,29/11/2021,02/09/2021,2XL,489,489
490,"Stock - Veal, White",23/08/2021,24/09/2021,27/11/2021,XS,490,490
491,Wine - Segura Viudas Aria Brut,04/08/2021,12/07/2021,24/12/2021,3XL,491,491
492,Longos - Grilled Veg Sandwiches,11/05/2021,28/07/2021,01/02/2022,3XL,492,492
493,Bread - Ciabatta Buns,25/11/2021,09/07/2021,16/08/2021,S,493,493
494,Pop - Club Soda Can,09/01/2022,30/03/2022,12/10/2021,2XL,494,494
495,Trueblue - Blueberry Cranberry,25/04/2021,20/10/2021,26/05/2021,M,495,495
496,Vinegar - Raspberry,02/05/2021,20/03/2022,31/10/2021,XS,496,496
497,Bok Choy - Baby,28/04/2021,03/02/2022,29/01/2022,M,497,497
498,Sobe - Orange Carrot,29/11/2021,31/12/2021,23/10/2021,3XL,498,498
499,"Tea - Darjeeling, Azzura",15/06/2021,07/07/2021,20/07/2021,2XL,499,499
500,Aspic - Amber,15/12/2021,25/05/2021,03/07/2021,3XL,500,500
501,Pastry - Carrot Muffin - Mini,09/10/2021,10/09/2021,10/10/2021,XS,501,501
502,Cheese - Parmesan Cubes,24/08/2021,04/01/2022,01/10/2021,S,502,502
503,Wine - Semi Dry Riesling Vineland,01/02/2022,25/03/2022,31/10/2021,XS,503,503
504,Smoked Tongue,28/05/2021,20/07/2021,03/03/2022,2XL,504,504
505,Dip - Tapenade,16/09/2021,19/02/2022,14/03/2022,XL,505,505
506,Chocolate - White,02/03/2022,20/06/2021,12/09/2021,XL,506,506
507,"Stock - Chicken, White",15/11/2021,31/03/2022,03/11/2021,2XL,507,507
508,Red Cod Fillets - 225g,29/07/2021,25/10/2021,23/10/2021,L,508,508
509,"Beef - Ground, Extra Lean, Fresh",31/01/2022,31/05/2021,23/04/2022,L,509,509
510,"Marjoram - Dried, Rubbed",17/04/2022,30/05/2021,24/04/2022,M,510,510
511,Fond - Chocolate,27/01/2022,30/05/2021,26/05/2021,S,511,511
512,Wine - Gewurztraminer Pierre,10/03/2022,11/05/2021,06/11/2021,3XL,512,512
513,Filling - Mince Meat,13/09/2021,25/09/2021,03/05/2021,2XL,513,513
514,"Bread - Roll, Calabrese",24/04/2022,31/08/2021,23/02/2022,3XL,514,514
515,Soup - Campbells Beef Stew,14/07/2021,24/07/2021,23/08/2021,L,515,515
516,Sprouts - Bean,19/11/2021,12/10/2021,24/01/2022,3XL,516,516
517,Relish,05/11/2021,25/02/2022,25/01/2022,XL,517,517
518,Beef - Eye Of Round,29/10/2021,11/04/2022,28/01/2022,2XL,518,518
519,Bread - French Baquette,21/11/2021,06/12/2021,06/02/2022,XL,519,519
520,Beer - Upper Canada Light,28/11/2021,01/08/2021,05/10/2021,XS,520,520
521,Sterno - Chafing Dish Fuel,22/11/2021,10/09/2021,15/09/2021,3XL,521,521
522,Cheese - Gorgonzola,03/08/2021,10/12/2021,17/11/2021,3XL,522,522
523,Mushroom - Crimini,28/12/2021,28/01/2022,09/09/2021,3XL,523,523
524,Bread - Rosemary Focaccia,22/05/2021,30/03/2022,12/11/2021,L,524,524
525,Oil - Olive,09/02/2022,27/10/2021,07/03/2022,XL,525,525
526,Crackers - Soda / Saltins,08/04/2022,26/11/2021,14/09/2021,XS,526,526
527,Sprouts - Pea,27/11/2021,09/01/2022,10/04/2022,L,527,527
528,Muffin Batt - Blueberry Passion,28/02/2022,16/04/2022,11/03/2022,2XL,528,528
529,Oranges,05/05/2021,09/01/2022,14/05/2021,S,529,529
530,Bread - Kimel Stick Poly,23/09/2021,29/01/2022,09/02/2022,L,530,530
531,"Bread - Pumpernickle, Rounds",04/02/2022,17/09/2021,13/02/2022,3XL,531,531
532,Rice - Wild,30/01/2022,03/08/2021,17/02/2022,XL,532,532
533,Table Cloth 62x120 White,13/04/2022,28/06/2021,13/03/2022,L,533,533
534,"Pasta - Detalini, White, Fresh",22/03/2022,05/11/2021,24/10/2021,XS,534,534
535,Sachet,23/01/2022,26/01/2022,17/04/2022,XS,535,535
536,Table Cloth 62x114 Colour,16/05/2021,01/12/2021,17/07/2021,S,536,536
537,Miso Paste White,08/02/2022,27/08/2021,31/08/2021,2XL,537,537
538,Liqueur - Melon,01/05/2021,11/04/2022,14/04/2022,3XL,538,538
539,"Beef - Tongue, Fresh",12/06/2021,03/07/2021,16/12/2021,S,539,539
540,"Beef - Ground, Extra Lean, Fresh",22/08/2021,28/08/2021,15/04/2022,M,540,540
541,Smirnoff Green Apple Twist,25/07/2021,23/01/2022,14/03/2022,M,541,541
542,Cheese - Camembert,04/06/2021,24/01/2022,08/08/2021,XS,542,542
543,Soup - Campbells,21/03/2022,07/11/2021,11/12/2021,2XL,543,543
544,Beer - Heinekin,29/10/2021,24/06/2021,07/04/2022,XS,544,544
545,"Mushroom - Chantrelle, Fresh",20/11/2021,18/06/2021,20/04/2022,XL,545,545
546,"Loaf Pan - 2 Lb, Foil",20/06/2021,14/06/2021,05/04/2022,XS,546,546
547,"Turkey - Breast, Smoked",28/06/2021,11/08/2021,16/04/2022,2XL,547,547
548,Ice Cream - Life Savers,03/08/2021,16/10/2021,22/03/2022,L,548,548
549,Juice - Propel Sport,11/10/2021,01/10/2021,29/04/2021,2XL,549,549
550,Cod - Black Whole Fillet,14/02/2022,03/02/2022,18/12/2021,XL,550,550
551,Foil Wrap,22/02/2022,06/02/2022,07/09/2021,L,551,551
552,Soup - Campbells Chili,14/11/2021,20/08/2021,23/02/2022,L,552,552
553,Nori Sea Weed,26/01/2022,27/06/2021,27/08/2021,L,553,553
554,Yeast Dry - Fleischman,07/07/2021,13/06/2021,12/07/2021,M,554,554
555,"Cake Circle, Paprus",01/08/2021,24/10/2021,29/09/2021,L,555,555
556,Lobster - Cooked,20/02/2022,29/05/2021,16/05/2021,M,556,556
557,Beef - Tenderloin Tails,27/05/2021,02/03/2022,28/07/2021,L,557,557
558,Energy Drink - Franks Pineapple,04/10/2021,10/04/2022,07/01/2022,2XL,558,558
559,Cookie Dough - Chunky,07/03/2022,01/04/2022,29/09/2021,M,559,559
560,Carbonated Water - White Grape,07/02/2022,21/05/2021,16/09/2021,3XL,560,560
561,Flax Seed,19/02/2022,26/08/2021,26/11/2021,XL,561,561
562,Water Chestnut - Canned,07/11/2021,15/11/2021,16/06/2021,S,562,562
563,Salami - Genova,16/05/2021,12/07/2021,26/10/2021,2XL,563,563
564,Herb Du Provence - Primerba,23/10/2021,15/10/2021,04/11/2021,2XL,564,564
565,Energy Drink Red Bull,31/12/2021,24/05/2021,19/10/2021,2XL,565,565
566,"Jam - Raspberry,jar",24/10/2021,18/12/2021,18/07/2021,S,566,566
567,Flour - Cake,12/02/2022,26/08/2021,14/08/2021,XL,567,567
568,Beets - Pickled,31/12/2021,27/09/2021,24/11/2021,XS,568,568
569,Eggplant - Regular,24/09/2021,18/05/2021,20/07/2021,S,569,569
570,Spinach - Baby,04/02/2022,12/01/2022,16/05/2021,M,570,570
571,Coffee - Dark Roast,11/04/2022,21/08/2021,18/08/2021,XS,571,571
572,Cheese - Fontina,24/08/2021,06/02/2022,30/11/2021,L,572,572
573,Beef - Tender Tips,18/02/2022,20/06/2021,24/11/2021,L,573,573
574,Spice - Paprika,06/08/2021,27/10/2021,27/07/2021,XL,574,574
575,Wine - Cotes Du Rhone Parallele,18/08/2021,08/12/2021,14/04/2022,2XL,575,575
576,Plate Foam Laminated 9in Blk,11/01/2022,15/02/2022,16/07/2021,S,576,576
577,Chinese Foods - Chicken,13/06/2021,24/09/2021,23/05/2021,L,577,577
578,Haggis,25/05/2021,25/02/2022,28/07/2021,XS,578,578
579,"Chocolate - Pistoles, Lactee, Milk",17/04/2022,19/02/2022,22/08/2021,2XL,579,579
580,Anchovy Paste - 56 G Tube,25/01/2022,27/03/2022,24/10/2021,XL,580,580
581,Coffee Guatemala Dark,28/08/2021,22/07/2021,23/08/2021,XS,581,581
582,Sage - Rubbed,14/03/2022,09/08/2021,17/10/2021,XS,582,582
583,Venison - Liver,28/02/2022,13/04/2022,24/01/2022,XS,583,583
584,Shiratamako - Rice Flour,04/09/2021,09/06/2021,17/12/2021,M,584,584
585,Green Tea Refresher,29/06/2021,19/07/2021,10/03/2022,3XL,585,585
586,Juice - Mango,27/07/2021,09/04/2022,01/09/2021,XL,586,586
587,Table Cloth 62x114 Colour,17/03/2022,11/01/2022,16/02/2022,S,587,587
588,"Tomatoes - Vine Ripe, Yellow",31/03/2022,21/03/2022,24/10/2021,L,588,588
589,Beef Ground Medium,23/01/2022,29/03/2022,14/06/2021,M,589,589
590,Vinegar - Sherry,10/03/2022,28/02/2022,20/02/2022,3XL,590,590
591,"Gingerale - Schweppes, 355 Ml",26/01/2022,25/11/2021,18/12/2021,XL,591,591
592,Shrimp - 150 - 250,03/02/2022,25/04/2021,20/10/2021,XS,592,592
593,"Sauce - Soya, Light",16/06/2021,04/01/2022,13/10/2021,2XL,593,593
594,Beer - Moosehead,22/01/2022,06/09/2021,01/08/2021,S,594,594
595,Oil - Coconut,18/10/2021,28/06/2021,12/01/2022,XS,595,595
596,"Lobster - Baby, Boiled",08/09/2021,24/12/2021,15/09/2021,3XL,596,596
597,"Roe - Lump Fish, Red",19/04/2022,03/01/2022,16/04/2022,XS,597,597
598,Buttons,26/04/2021,08/10/2021,16/08/2021,L,598,598
599,Container - Clear 32 Oz,13/03/2022,10/06/2021,09/06/2021,XL,599,599
600,Cheese - St. Paulin,29/12/2021,22/10/2021,24/07/2021,L,600,600
601,Syrup - Kahlua Chocolate,16/02/2022,01/02/2022,27/05/2021,3XL,601,601
602,Sardines,07/12/2021,03/03/2022,24/03/2022,S,602,602
603,Cheese - Pont Couvert,02/06/2021,26/01/2022,15/01/2022,3XL,603,603
604,Wine - Delicato Merlot,20/04/2022,29/05/2021,07/02/2022,XL,604,604
605,Cookie Trail Mix,18/10/2021,09/01/2022,19/09/2021,L,605,605
606,Flour - Pastry,20/02/2022,17/09/2021,21/06/2021,S,606,606
607,Glaze - Apricot,25/09/2021,28/05/2021,25/05/2021,XS,607,607
608,Plasticknivesblack,11/04/2022,23/10/2021,21/05/2021,XS,608,608
609,Ice Cream - Chocolate,10/03/2022,28/06/2021,03/06/2021,S,609,609
610,Spice - Paprika,03/10/2021,30/01/2022,13/09/2021,S,610,610
611,Fiddlehead - Frozen,18/07/2021,08/06/2021,10/01/2022,XS,611,611
612,Cups 10oz Trans,08/09/2021,17/03/2022,04/03/2022,S,612,612
613,Soup - Cream Of Broccoli,20/04/2022,16/12/2021,24/03/2022,XS,613,613
614,Icecream Cone - Areo Chocolate,12/12/2021,30/07/2021,14/01/2022,3XL,614,614
615,"Mushroom - Trumpet, Dry",16/12/2021,01/05/2021,02/07/2021,M,615,615
616,Wine - Masi Valpolocell,10/09/2021,09/06/2021,01/07/2021,3XL,616,616
617,"Beans - Kidney, Canned",15/02/2022,09/05/2021,08/09/2021,3XL,617,617
618,Table Cloth - 53x69 Colour,04/03/2022,12/12/2021,30/10/2021,XL,618,618
619,Sambuca - Opal Nera,06/09/2021,23/11/2021,01/07/2021,XS,619,619
620,Nut - Pumpkin Seeds,08/07/2021,11/08/2021,03/09/2021,XS,620,620
621,Kiwi Gold Zespri,29/03/2022,18/05/2021,17/11/2021,2XL,621,621
622,"Seedlings - Mix, Organic",27/09/2021,25/04/2021,26/01/2022,S,622,622
623,Crackers - Water,13/11/2021,30/09/2021,12/12/2021,XL,623,623
624,Anchovy Fillets,06/12/2021,27/03/2022,14/12/2021,M,624,624
625,Wine - Prem Select Charddonany,19/08/2021,15/12/2021,19/08/2021,3XL,625,625
626,Absolut Citron,10/04/2022,06/02/2022,28/03/2022,XS,626,626
627,Ecolab - Power Fusion,29/09/2021,13/12/2021,22/02/2022,2XL,627,627
628,Squid Ink,10/04/2022,20/09/2021,19/06/2021,M,628,628
629,Beef - Montreal Smoked Brisket,04/01/2022,29/04/2021,17/04/2022,XS,629,629
630,Sugar Thermometer,24/11/2021,23/01/2022,23/11/2021,2XL,630,630
631,Shichimi Togarashi Peppeers,18/07/2021,18/05/2021,09/01/2022,XL,631,631
632,"Soup - Beef, Base Mix",16/10/2021,19/06/2021,27/02/2022,3XL,632,632
633,Ostrich - Prime Cut,16/04/2022,09/06/2021,04/03/2022,XL,633,633
634,"Bread - White, Unsliced",01/11/2021,13/08/2021,13/08/2021,XL,634,634
635,"Pepsi - Diet, 355 Ml",18/02/2022,02/12/2021,19/05/2021,XS,635,635
636,Cheese - Victor Et Berthold,19/05/2021,02/03/2022,23/04/2022,2XL,636,636
637,"Crab - Dungeness, Whole",20/08/2021,18/07/2021,06/11/2021,L,637,637
638,Soup - Cream Of Potato / Leek,03/07/2021,11/10/2021,19/04/2022,XS,638,638
639,"Brownies - Two Bite, Chocolate",05/04/2022,16/09/2021,26/09/2021,2XL,639,639
640,Nescafe - Frothy French Vanilla,26/01/2022,05/02/2022,07/02/2022,L,640,640
641,Puree - Guava,03/05/2021,13/08/2021,18/02/2022,2XL,641,641
642,Sterno - Chafing Dish Fuel,12/02/2022,25/05/2021,30/12/2021,XS,642,642
643,"Beans - Long, Chinese",09/04/2022,30/10/2021,08/08/2021,XL,643,643
644,Trout Rainbow Whole,24/11/2021,15/11/2021,21/12/2021,XL,644,644
645,Tomato Puree,25/04/2021,12/07/2021,01/08/2021,M,645,645
646,Water - Aquafina Vitamin,01/08/2021,22/09/2021,28/08/2021,XS,646,646
647,Energy Drink - Franks Pineapple,21/01/2022,07/05/2021,18/10/2021,L,647,647
648,Alize Red Passion,04/03/2022,19/04/2022,20/06/2021,L,648,648
649,"Wine - White, Chardonnay",17/07/2021,31/08/2021,08/09/2021,2XL,649,649
650,Wine - Cabernet Sauvignon,06/11/2021,07/05/2021,27/01/2022,S,650,650
651,Jack Daniels,15/08/2021,29/12/2021,29/08/2021,S,651,651
652,Sole - Fillet,10/12/2021,21/04/2022,07/08/2021,3XL,652,652
653,"Chilli Paste, Sambal Oelek",10/05/2021,31/05/2021,31/12/2021,3XL,653,653
654,Lid - 3oz Med Rec,10/01/2022,24/08/2021,24/09/2021,XL,654,654
655,Daikon Radish,26/01/2022,19/01/2022,28/01/2022,M,655,655
656,Carbonated Water - Blackberry,10/06/2021,18/09/2021,16/11/2021,L,656,656
657,"Wine - White, Concha Y Toro",18/06/2021,30/03/2022,20/01/2022,L,657,657
658,Phyllo Dough,01/02/2022,10/06/2021,11/03/2022,XL,658,658
659,Sweet Pea Sprouts,30/03/2022,08/11/2021,29/03/2022,3XL,659,659
660,"Pepper - Black, Crushed",05/07/2021,10/04/2022,11/10/2021,S,660,660
661,"Chilli Paste, Hot Sambal Oelek",07/04/2022,29/01/2022,01/09/2021,M,661,661
662,"Bread - Sticks, Thin, Plain",26/06/2021,26/04/2021,06/09/2021,3XL,662,662
663,Petit Baguette,20/10/2021,08/01/2022,20/08/2021,XS,663,663
664,Saskatoon Berries - Frozen,31/08/2021,31/03/2022,02/07/2021,3XL,664,664
665,Red Cod Fillets - 225g,14/01/2022,17/10/2021,19/01/2022,2XL,665,665
666,Wine - Alsace Gewurztraminer,21/02/2022,31/10/2021,29/12/2021,3XL,666,666
667,Cardamon Ground,03/01/2022,25/09/2021,26/03/2022,XS,667,667
668,"Vermouth - Sweet, Cinzano",21/08/2021,28/02/2022,05/06/2021,S,668,668
669,Carrots - Jumbo,14/05/2021,16/12/2021,08/05/2021,S,669,669
670,Beef - Striploin Aa,27/08/2021,16/03/2022,31/12/2021,L,670,670
671,Juice - Orangina,04/07/2021,30/10/2021,27/04/2021,XL,671,671
672,Honey - Lavender,12/01/2022,10/10/2021,17/10/2021,3XL,672,672
673,Wine - Vidal Icewine Magnotta,28/04/2021,13/07/2021,15/02/2022,XS,673,673
674,"Wine - Red, Gallo, Merlot",27/01/2022,03/02/2022,07/07/2021,2XL,674,674
675,Mustard - Dijon,13/03/2022,28/11/2021,30/01/2022,2XL,675,675
676,Venison - Liver,30/07/2021,18/10/2021,04/07/2021,S,676,676
677,"Trout - Hot Smkd, Dbl Fillet",20/09/2021,05/02/2022,18/08/2021,S,677,677
678,Savory,15/04/2022,27/11/2021,08/08/2021,XS,678,678
679,Sauce - Balsamic Viniagrette,08/02/2022,11/10/2021,12/07/2021,XL,679,679
680,Celery Root,05/03/2022,19/02/2022,28/01/2022,XS,680,680
681,Liqueur - Melon,07/06/2021,02/06/2021,18/07/2021,S,681,681
682,Chocolate - Sugar Free Semi Choc,11/06/2021,16/11/2021,19/07/2021,2XL,682,682
683,"Lamb - Leg, Diced",28/10/2021,06/09/2021,13/02/2022,3XL,683,683
684,"Wine - Red, Mosaic Zweigelt",02/09/2021,02/05/2021,12/12/2021,M,684,684
685,Chicken - Livers,26/08/2021,26/10/2021,08/01/2022,S,685,685
686,Bar Nature Valley,22/09/2021,10/09/2021,13/02/2022,L,686,686
687,"Cheese - Cheddar, Old White",09/03/2022,05/12/2021,12/01/2022,3XL,687,687
688,Remy Red Berry Infusion,25/07/2021,24/05/2021,15/01/2022,M,688,688
689,Bread Ww Cluster,23/03/2022,15/10/2021,09/12/2021,XL,689,689
690,"Shrimp - 16/20, Peeled Deviened",11/03/2022,12/10/2021,03/09/2021,M,690,690
691,"Rum - Dark, Bacardi, Black",03/06/2021,19/12/2021,24/05/2021,XS,691,691
692,Wine - Cotes Du Rhone Parallele,15/08/2021,14/05/2021,21/12/2021,XS,692,692
693,Sauce - Alfredo,22/01/2022,30/12/2021,08/01/2022,M,693,693
694,Pie Box - Cello Window 2.5,04/11/2021,28/02/2022,07/11/2021,M,694,694
695,Chicken - Wieners,09/06/2021,31/12/2021,23/09/2021,XL,695,695
696,Mussels - Frozen,21/09/2021,02/09/2021,03/10/2021,M,696,696
697,"Brocolinni - Gaylan, Chinese",02/09/2021,03/06/2021,09/08/2021,L,697,697
698,Burger Veggie,11/12/2021,18/07/2021,15/04/2022,3XL,698,698
699,Soup - Cream Of Broccoli,14/01/2022,14/02/2022,02/11/2021,XL,699,699
700,Ketchup - Tomato,12/07/2021,31/10/2021,10/11/2021,S,700,700
701,Cream - 35%,14/06/2021,20/06/2021,06/07/2021,3XL,701,701
702,Corn Shoots,15/09/2021,23/03/2022,27/04/2021,XS,702,702
703,Bread - Wheat Baguette,21/03/2022,04/09/2021,08/06/2021,2XL,703,703
704,Ecolab - Hand Soap Form Antibac,30/12/2021,04/04/2022,15/04/2022,S,704,704
705,Mangostein,24/07/2021,05/10/2021,23/06/2021,XS,705,705
706,Food Colouring - Red,19/01/2022,22/02/2022,18/11/2021,2XL,706,706
707,Tomatoes - Roma,18/01/2022,02/08/2021,18/09/2021,2XL,707,707
708,Soup - Campbells Pasta Fagioli,02/06/2021,24/07/2021,27/03/2022,XS,708,708
709,"Juice - Pineapple, 48 Oz",15/10/2021,05/04/2022,28/09/2021,2XL,709,709
710,Scrubbie - Scotchbrite Hand Pad,01/03/2022,05/04/2022,15/06/2021,S,710,710
711,"Soup - Campbells, Minestrone",06/11/2021,27/08/2021,25/06/2021,S,711,711
712,"Lamb - Racks, Frenched",30/08/2021,26/03/2022,26/01/2022,XS,712,712
713,"Liners - Banana, Paper",09/12/2021,31/10/2021,18/04/2022,2XL,713,713
714,Sambuca - Opal Nera,04/12/2021,10/04/2022,27/08/2021,XS,714,714
715,"Chestnuts - Whole,canned",15/07/2021,07/10/2021,15/08/2021,L,715,715
716,Cod - Fillets,20/11/2021,21/01/2022,18/11/2021,M,716,716
717,Wine - Zonnebloem Pinotage,04/05/2021,04/09/2021,03/04/2022,L,717,717
718,Bandage - Finger Cots,04/09/2021,07/09/2021,27/11/2021,XL,718,718
719,Lemon Tarts,30/05/2021,08/11/2021,13/02/2022,L,719,719
720,Coffee - Cafe Moreno,08/11/2021,16/12/2021,24/10/2021,S,720,720
721,Paper Towel Touchless,04/02/2022,03/12/2021,20/08/2021,XS,721,721
722,Bread - Italian Corn Meal Poly,15/07/2021,03/04/2022,12/08/2021,M,722,722
723,"Rosemary - Primerba, Paste",01/02/2022,27/10/2021,27/01/2022,3XL,723,723
724,Pastry - Choclate Baked,21/08/2021,28/01/2022,06/09/2021,XL,724,724
725,Sweet Pea Sprouts,28/01/2022,23/12/2021,20/02/2022,2XL,725,725
726,"Stock - Veal, White",27/04/2021,08/12/2021,27/10/2021,XL,726,726
727,Syrup - Kahlua Chocolate,05/08/2021,08/07/2021,25/07/2021,L,727,727
728,"Beef - Ox Tail, Frozen",25/09/2021,30/04/2021,12/07/2021,XL,728,728
729,Gherkin - Sour,29/08/2021,16/06/2021,14/11/2021,3XL,729,729
730,Sprouts Dikon,12/03/2022,01/06/2021,23/04/2022,XS,730,730
731,Broom - Push,23/09/2021,01/04/2022,31/08/2021,L,731,731
732,Flour - Chickpea,25/12/2021,18/02/2022,30/10/2021,XL,732,732
733,"Wine - White, Gewurtzraminer",23/08/2021,26/08/2021,13/01/2022,L,733,733
734,"Cheese - Romano, Grated",27/02/2022,27/05/2021,12/11/2021,XL,734,734
735,"Beef - Tongue, Fresh",02/08/2021,15/01/2022,27/02/2022,S,735,735
736,Pork - European Side Bacon,08/08/2021,07/09/2021,08/05/2021,3XL,736,736
737,Pork - Ground,30/06/2021,01/03/2022,25/05/2021,M,737,737
738,Flax Seed,18/10/2021,18/02/2022,05/09/2021,XS,738,738
739,Flour - Teff,17/01/2022,14/06/2021,02/12/2021,2XL,739,739
740,Squash - Butternut,13/09/2021,10/06/2021,23/03/2022,L,740,740
741,Bols Melon Liqueur,28/12/2021,13/08/2021,23/07/2021,XS,741,741
742,"Pasta - Canelloni, Single Serve",14/10/2021,07/10/2021,26/04/2021,S,742,742
743,Phyllo Dough,16/09/2021,08/09/2021,21/09/2021,S,743,743
744,Chocolate - Dark,30/10/2021,01/12/2021,01/02/2022,M,744,744
745,Pickerel - Fillets,16/01/2022,30/07/2021,01/03/2022,L,745,745
746,Calaloo,02/06/2021,17/01/2022,24/10/2021,S,746,746
747,"Bread - Multigrain, Loaf",17/09/2021,31/08/2021,13/04/2022,L,747,747
748,Huck White Towels,26/05/2021,23/01/2022,22/06/2021,S,748,748
749,Oil - Cooking Spray,10/09/2021,30/07/2021,25/03/2022,M,749,749
750,Ecolab - Ster Bac,22/03/2022,18/11/2021,12/11/2021,L,750,750
751,Appetizer - Veg Assortment,19/11/2021,21/06/2021,04/03/2022,3XL,751,751
752,Wine - Magnotta - Pinot Gris Sr,08/12/2021,27/06/2021,12/05/2021,2XL,752,752
753,Table Cloth 81x81 Colour,16/04/2022,22/12/2021,11/12/2021,3XL,753,753
754,"Brocolinni - Gaylan, Chinese",04/02/2022,10/02/2022,20/02/2022,M,754,754
755,Mangostein,24/06/2021,19/12/2021,26/11/2021,L,755,755
756,"Beans - Black Bean, Dry",27/05/2021,21/10/2021,20/03/2022,XL,756,756
757,Wine - Puligny Montrachet A.,16/08/2021,22/04/2022,04/07/2021,3XL,757,757
758,Shrimp - Prawn,14/01/2022,23/05/2021,13/03/2022,2XL,758,758
759,Wine - Rubyport,31/07/2021,15/03/2022,28/12/2021,S,759,759
760,"Flour - Buckwheat, Dark",09/12/2021,28/10/2021,09/10/2021,XL,760,760
761,Chocolate - Dark Callets,09/07/2021,19/10/2021,29/09/2021,3XL,761,761
762,Eggplant - Asian,04/04/2022,29/12/2021,14/07/2021,L,762,762
763,Bread - 10 Grain Parisian,16/06/2021,30/01/2022,26/04/2021,3XL,763,763
764,Syrup - Monin - Granny Smith,20/10/2021,25/04/2021,15/01/2022,XL,764,764
765,Juice - Ocean Spray Kiwi,07/01/2022,24/09/2021,03/11/2021,2XL,765,765
766,Rootbeer,15/05/2021,28/10/2021,28/05/2021,3XL,766,766
767,Vodka - Moskovskaya,25/07/2021,09/10/2021,23/12/2021,M,767,767
768,Pork Casing,20/03/2022,18/06/2021,12/01/2022,XL,768,768
769,Cheese - Mix,07/03/2022,01/04/2022,13/03/2022,L,769,769
770,Bread - Raisin Walnut Pull,24/01/2022,28/02/2022,20/03/2022,2XL,770,770
771,Bay Leaf Ground,29/09/2021,14/09/2021,19/11/2021,XS,771,771
772,Cinnamon Buns Sticky,23/08/2021,14/01/2022,04/01/2022,3XL,772,772
773,"Seedlings - Mix, Organic",28/12/2021,02/09/2021,17/07/2021,2XL,773,773
774,Longos - Burritos,09/06/2021,13/12/2021,12/09/2021,S,774,774
775,Pernod,27/07/2021,23/11/2021,19/02/2022,3XL,775,775
776,Water - Tonic,20/10/2021,25/03/2022,15/01/2022,2XL,776,776
777,Pork Casing,17/02/2022,18/03/2022,20/06/2021,S,777,777
778,Wine - Manischewitz Concord,06/11/2021,10/10/2021,11/01/2022,XL,778,778
779,Cookies Cereal Nut,26/05/2021,15/07/2021,27/08/2021,S,779,779
780,Cinnamon Rolls,22/10/2021,27/07/2021,18/11/2021,XS,780,780
781,Syrup - Monin - Passion Fruit,01/02/2022,31/03/2022,07/05/2021,L,781,781
782,Magnotta - Bel Paese White,02/10/2021,11/05/2021,27/06/2021,XS,782,782
783,Pheasants - Whole,01/02/2022,13/09/2021,17/09/2021,3XL,783,783
784,Sugar - Monocystal / Rock,21/10/2021,30/04/2021,19/10/2021,L,784,784
785,Muffin Mix - Carrot,08/10/2021,25/12/2021,08/03/2022,S,785,785
786,"Mushroom - Enoki, Dry",06/08/2021,31/08/2021,07/02/2022,M,786,786
787,Carrots - Mini Red Organic,22/12/2021,10/07/2021,30/10/2021,3XL,787,787
788,Soup V8 Roasted Red Pepper,25/06/2021,05/06/2021,26/08/2021,L,788,788
789,Wine - Fat Bastard Merlot,16/07/2021,12/11/2021,19/05/2021,M,789,789
790,Pork - Backfat,21/03/2022,20/06/2021,04/02/2022,XS,790,790
791,Fond - Neutral,09/03/2022,12/08/2021,30/07/2021,S,791,791
792,Bagel - Ched Chs Presliced,07/10/2021,26/07/2021,30/04/2021,3XL,792,792
793,Table Cloth 54x54 Colour,23/07/2021,29/07/2021,28/10/2021,2XL,793,793
794,Muffin Batt - Ban Dream Zero,15/08/2021,29/04/2021,28/01/2022,XS,794,794
795,Flavouring - Rum,28/10/2021,14/01/2022,09/08/2021,XS,795,795
796,Coffee - Frthy Coffee Crisp,14/07/2021,17/11/2021,03/05/2021,M,796,796
797,Veal - Nuckle,19/02/2022,13/02/2022,22/01/2022,2XL,797,797
798,Hand Towel,03/03/2022,02/01/2022,10/08/2021,3XL,798,798
799,Tea - Lemon Scented,25/07/2021,01/07/2021,19/02/2022,L,799,799
800,"Tomatoes - Plum, Canned",25/08/2021,13/11/2021,09/12/2021,S,800,800
801,Cheese - Sheep Milk,03/12/2021,14/06/2021,01/04/2022,XS,801,801
802,"Tortillas - Flour, 8",24/01/2022,29/08/2021,29/08/2021,XL,802,802
803,Energy Drink - Franks Original,25/05/2021,22/09/2021,17/06/2021,XS,803,803
804,"Yogurt - Raspberry, 175 Gr",07/02/2022,11/09/2021,27/08/2021,L,804,804
805,Rabbit - Legs,11/11/2021,01/09/2021,18/09/2021,3XL,805,805
806,"Bread - Bagels, Plain",07/07/2021,08/01/2022,10/05/2021,L,806,806
807,Croissants Thaw And Serve,28/10/2021,07/09/2021,14/08/2021,S,807,807
808,Turnip - Wax,17/02/2022,30/03/2022,24/11/2021,XS,808,808
809,"Loaf Pan - 2 Lb, Foil",15/03/2022,26/10/2021,23/06/2021,XS,809,809
810,Kellogs Special K Cereal,17/11/2021,26/09/2021,03/04/2022,L,810,810
811,Pepper - Scotch Bonnet,19/05/2021,18/10/2021,23/09/2021,XS,811,811
812,Spice - Onion Powder Granulated,19/02/2022,05/03/2022,06/03/2022,XS,812,812
813,"Bread - Rolls, Corn",18/10/2021,07/09/2021,05/02/2022,S,813,813
814,Soup - Chicken And Wild Rice,07/11/2021,17/01/2022,14/03/2022,XL,814,814
815,Kellogs Special K Cereal,13/02/2022,23/07/2021,04/11/2021,XL,815,815
816,Ham Black Forest,18/02/2022,12/08/2021,01/09/2021,L,816,816
817,Barramundi,30/08/2021,07/09/2021,14/09/2021,XL,817,817
818,Wine - Domaine Boyar Royal,18/02/2022,29/10/2021,18/07/2021,S,818,818
819,Broccoli - Fresh,05/05/2021,26/06/2021,21/03/2022,S,819,819
820,Beef - Salted,04/02/2022,03/08/2021,24/02/2022,XS,820,820
821,"Pasta - Fett Alfredo, Single Serve",14/09/2021,30/11/2021,13/02/2022,2XL,821,821
822,Oil - Margarine,22/12/2021,20/09/2021,23/03/2022,XS,822,822
823,Dish Towel,24/12/2021,12/06/2021,12/02/2022,S,823,823
824,Burger Veggie,14/03/2022,04/05/2021,04/05/2021,2XL,824,824
825,Chicken - Ground,12/04/2022,10/04/2022,06/10/2021,2XL,825,825
826,Soup Campbells,01/03/2022,10/01/2022,11/02/2022,3XL,826,826
827,Pear - Halves,07/12/2021,17/11/2021,20/06/2021,3XL,827,827
828,Ecolab - Lime - A - Way 4/4 L,21/08/2021,14/03/2022,09/07/2021,L,828,828
829,"Turkey - Whole, Fresh",10/03/2022,28/12/2021,01/01/2022,3XL,829,829
830,"Juice - Apple, 1.36l",28/12/2021,14/12/2021,22/07/2021,3XL,830,830
831,Apple - Northern Spy,12/03/2022,07/04/2022,13/03/2022,S,831,831
832,Ecolab Digiclean Mild Fm,11/12/2021,13/10/2021,24/06/2021,M,832,832
833,Wine - Port Late Bottled Vintage,01/04/2022,26/08/2021,14/10/2021,S,833,833
834,Chocolate - Sugar Free Semi Choc,07/10/2021,06/02/2022,22/08/2021,M,834,834
835,Beef - Tenderloin - Aa,22/04/2022,28/08/2021,24/11/2021,L,835,835
836,"Crab - Back Fin Meat, Canned",30/04/2021,21/07/2021,30/05/2021,L,836,836
837,Sage Derby,13/01/2022,30/09/2021,18/04/2022,S,837,837
838,"Nut - Almond, Blanched, Whole",27/10/2021,04/07/2021,19/03/2022,2XL,838,838
839,"Cheese - Woolwich Goat, Log",25/07/2021,24/08/2021,01/01/2022,M,839,839
840,Oranges,24/05/2021,18/11/2021,11/08/2021,XL,840,840
841,Carbonated Water - Cherry,19/04/2022,08/02/2022,20/04/2022,2XL,841,841
842,"Pasta - Detalini, White, Fresh",17/09/2021,25/02/2022,01/04/2022,M,842,842
843,"Vodka - Hot, Lnferno",10/01/2022,26/04/2021,13/11/2021,XS,843,843
844,Wine - Cava Aria Estate Brut,06/10/2021,15/03/2022,06/08/2021,2XL,844,844
845,Bread - Granary Small Pull,03/03/2022,26/07/2021,28/03/2022,S,845,845
846,Nori Sea Weed - Gold Label,24/02/2022,24/11/2021,17/05/2021,S,846,846
847,Paper Towel Touchless,16/01/2022,30/04/2021,26/07/2021,S,847,847
848,Cookie Chocolate Chip With,18/05/2021,05/03/2022,08/08/2021,2XL,848,848
849,"Sauce - Soya, Light",07/01/2022,15/06/2021,03/09/2021,M,849,849
850,Yoplait - Strawbrasp Peac,17/03/2022,19/06/2021,10/07/2021,2XL,850,850
851,Muffin - Zero Transfat,07/01/2022,01/01/2022,28/10/2021,L,851,851
852,Pastry - Chocolate Marble Tea,19/06/2021,07/05/2021,24/10/2021,L,852,852
853,Ecolab - Solid Fusion,17/05/2021,09/08/2021,08/02/2022,L,853,853
854,Bread - Dark Rye,23/07/2021,08/03/2022,18/01/2022,M,854,854
855,Laundry - Bag Cloth,03/11/2021,20/09/2021,18/09/2021,M,855,855
856,"Cheese - Cheddar, Old White",25/06/2021,05/03/2022,22/08/2021,L,856,856
857,"Chocolate - Pistoles, Lactee, Milk",06/09/2021,20/05/2021,15/03/2022,S,857,857
858,"Brownies - Two Bite, Chocolate",23/11/2021,06/07/2021,30/06/2021,S,858,858
859,Apple - Fuji,06/11/2021,27/03/2022,14/02/2022,2XL,859,859
860,"Coke - Diet, 355 Ml",23/04/2022,27/02/2022,17/03/2022,3XL,860,860
861,Rabbit - Saddles,07/07/2021,17/06/2021,30/03/2022,S,861,861
862,Bacardi Limon,28/04/2021,09/04/2022,07/04/2022,M,862,862
863,Muffin - Mix - Mango Sour Cherry,20/02/2022,08/06/2021,21/10/2021,XS,863,863
864,Wine - Casablanca Valley,07/04/2022,05/12/2021,03/03/2022,XS,864,864
865,Ketchup - Tomato,14/11/2021,12/07/2021,08/09/2021,3XL,865,865
866,Beef - Texas Style Burger,03/02/2022,31/01/2022,26/08/2021,XS,866,866
867,Sausage - Breakfast,14/04/2022,14/04/2022,28/03/2022,XS,867,867
868,Gatorade - Fruit Punch,03/07/2021,03/07/2021,10/11/2021,3XL,868,868
869,Lettuce - Boston Bib,28/06/2021,03/01/2022,23/05/2021,XL,869,869
870,Squash - Butternut,29/05/2021,06/05/2021,31/12/2021,XL,870,870
871,Catfish - Fillets,05/02/2022,18/03/2022,28/01/2022,XS,871,871
872,Cafe Royale,13/04/2022,15/03/2022,13/03/2022,L,872,872
873,Bread - Crusty Italian Poly,18/08/2021,10/08/2021,19/02/2022,S,873,873
874,Cheese - Valancey,06/04/2022,25/09/2021,21/04/2022,S,874,874
875,Beef - Shank,14/07/2021,04/06/2021,02/03/2022,S,875,875
876,Chef Hat 25cm,18/07/2021,30/12/2021,04/01/2022,L,876,876
877,Pate - Peppercorn,31/03/2022,22/03/2022,23/09/2021,L,877,877
878,Oil - Margarine,16/07/2021,05/07/2021,15/03/2022,XS,878,878
879,Broccoli - Fresh,23/06/2021,26/08/2021,19/11/2021,S,879,879
880,Gatorade - Lemon Lime,08/04/2022,26/11/2021,12/11/2021,S,880,880
881,Juice - Orange 1.89l,19/11/2021,16/11/2021,23/01/2022,L,881,881
882,Fond - Neutral,19/10/2021,26/02/2022,28/12/2021,L,882,882
883,Soup - Campbells,15/09/2021,18/03/2022,08/05/2021,XL,883,883
884,Squash - Butternut,01/12/2021,27/07/2021,11/05/2021,S,884,884
885,Cheese - Feta,09/08/2021,13/02/2022,25/12/2021,S,885,885
886,Tamarind Paste,23/05/2021,21/02/2022,04/07/2021,3XL,886,886
887,Buffalo - Striploin,19/05/2021,19/09/2021,11/02/2022,2XL,887,887
888,Chicken - Leg / Back Attach,28/11/2021,07/04/2022,08/01/2022,3XL,888,888
889,"Beef - Rib Roast, Cap On",23/07/2021,19/07/2021,28/11/2021,XL,889,889
890,Food Colouring - Red,21/08/2021,22/05/2021,05/02/2022,M,890,890
891,Flour - Chickpea,13/08/2021,23/11/2021,16/08/2021,L,891,891
892,"Mushroom - Shitake, Dry",11/08/2021,18/06/2021,15/07/2021,L,892,892
893,Gelatine Leaves - Bulk,08/09/2021,25/07/2021,22/09/2021,XS,893,893
894,Remy Red,12/11/2021,15/07/2021,02/04/2022,XS,894,894
895,Cornstarch,13/02/2022,19/07/2021,17/03/2022,M,895,895
896,Cookie Dough - Peanut Butter,26/03/2022,03/02/2022,06/05/2021,2XL,896,896
897,Wine - Gewurztraminer Pierre,22/06/2021,02/09/2021,23/12/2021,XS,897,897
898,Wine - Acient Coast Caberne,07/05/2021,06/02/2022,12/05/2021,XS,898,898
899,Sole - Fillet,22/04/2022,13/02/2022,25/02/2022,XS,899,899
900,Compound - Rum,01/10/2021,25/11/2021,25/10/2021,2XL,900,900
901,"Seedlings - Buckwheat, Organic",19/07/2021,07/01/2022,10/01/2022,3XL,901,901
902,Parsley Italian - Fresh,01/06/2021,20/09/2021,23/09/2021,XL,902,902
903,Allspice - Jamaican,25/02/2022,23/10/2021,06/09/2021,XS,903,903
904,Green Scrubbie Pad H.duty,09/07/2021,16/10/2021,27/11/2021,XS,904,904
905,Cream Of Tartar,21/10/2021,24/12/2021,20/03/2022,L,905,905
906,Beer - Paulaner Hefeweisse,08/10/2021,16/02/2022,22/02/2022,3XL,906,906
907,Tea - Vanilla Chai,13/07/2021,14/05/2021,25/07/2021,XS,907,907
908,"Bread - Roll, Soft White Round",20/01/2022,04/08/2021,23/08/2021,S,908,908
909,Miso Paste White,23/02/2022,02/08/2021,03/01/2022,M,909,909
910,Sauce - Ranch Dressing,25/11/2021,20/04/2022,09/11/2021,2XL,910,910
911,Cheese - Augre Des Champs,02/05/2021,08/04/2022,26/02/2022,3XL,911,911
912,Arizona - Plum Green Tea,29/01/2022,11/03/2022,24/02/2022,L,912,912
913,Ecolab - Hobart Upr Prewash Arm,01/02/2022,05/01/2022,07/02/2022,M,913,913
914,Jolt Cola,17/04/2022,24/06/2021,07/01/2022,L,914,914
915,Sandwich Wrap,18/03/2022,15/10/2021,19/11/2021,M,915,915
916,"Vinegar - Balsamic, White",30/03/2022,28/07/2021,10/01/2022,L,916,916
917,Creme De Menthe Green,30/10/2021,20/10/2021,23/01/2022,XS,917,917
918,"Soup - Clam Chowder, Dry Mix",03/07/2021,24/02/2022,07/07/2021,M,918,918
919,Puree - Blackcurrant,13/06/2021,20/02/2022,31/01/2022,M,919,919
920,"Iced Tea - Lemon, 340ml",18/06/2021,12/10/2021,18/04/2022,L,920,920
921,Kiwi Gold Zespri,13/02/2022,18/01/2022,03/04/2022,XS,921,921
922,Wine - Niagara Peninsula Vqa,04/11/2021,20/09/2021,08/08/2021,XS,922,922
923,"Chicken - Leg, Boneless",28/09/2021,04/04/2022,23/06/2021,3XL,923,923
924,Amarula Cream,12/02/2022,23/06/2021,14/08/2021,XS,924,924
925,Chocolate - Semi Sweet,05/10/2021,31/08/2021,19/12/2021,XL,925,925
926,Jagermeister,25/10/2021,24/04/2022,24/02/2022,M,926,926
927,Juice - Lemon,05/10/2021,24/06/2021,31/05/2021,L,927,927
928,"Quail - Eggs, Fresh",03/01/2022,02/01/2022,24/02/2022,XS,928,928
929,Flour Pastry Super Fine,31/05/2021,16/02/2022,16/07/2021,3XL,929,929
930,Wine - Acient Coast Caberne,27/08/2021,27/07/2021,30/03/2022,XL,930,930
931,Coffee Cup 16oz Foam,21/12/2021,13/11/2021,05/07/2021,M,931,931
932,Table Cloth 53x69 White,07/10/2021,05/06/2021,20/01/2022,2XL,932,932
933,Water - Tonic,05/04/2022,24/10/2021,02/03/2022,S,933,933
934,Rosemary - Fresh,11/12/2021,23/07/2021,12/06/2021,M,934,934
935,Cheese - Goat With Herbs,10/03/2022,22/02/2022,25/07/2021,XL,935,935
936,Wine - Gato Negro Cabernet,17/01/2022,20/04/2022,06/11/2021,2XL,936,936
937,Beef - Short Loin,23/01/2022,29/03/2022,31/01/2022,S,937,937
938,"Pasta - Fettuccine, Egg, Fresh",05/12/2021,14/08/2021,27/11/2021,2XL,938,938
939,Beef - Bresaola,19/11/2021,30/03/2022,11/02/2022,S,939,939
940,"Wine - White, Lindemans Bin 95",08/07/2021,02/05/2021,23/02/2022,XL,940,940
941,Bread - Mini Hamburger Bun,06/01/2022,13/07/2021,14/12/2021,S,941,941
942,Plastic Arrow Stir Stick,04/08/2021,05/09/2021,12/08/2021,S,942,942
943,Ecolab Digiclean Mild Fm,23/01/2022,27/03/2022,22/03/2022,S,943,943
944,Garbage Bags - Black,10/03/2022,29/03/2022,23/09/2021,2XL,944,944
945,Soap - Mr.clean Floor Soap,27/07/2021,06/06/2021,09/08/2021,M,945,945
946,Dc - Frozen Momji,01/08/2021,15/08/2021,15/06/2021,XS,946,946
947,Spring Roll Veg Mini,30/08/2021,24/01/2022,09/12/2021,XL,947,947
948,Galliano,24/10/2021,27/11/2021,01/08/2021,3XL,948,948
949,Tea - Herbal - 6 Asst,14/07/2021,26/05/2021,01/09/2021,XS,949,949
950,Mints - Striped Red,18/01/2022,03/03/2022,02/03/2022,M,950,950
951,Soup V8 Roasted Red Pepper,13/03/2022,03/12/2021,20/10/2021,XS,951,951
952,Wine - Redchard Merritt,09/05/2021,05/07/2021,22/07/2021,2XL,952,952
953,Contreau,22/03/2022,10/07/2021,03/07/2021,2XL,953,953
954,Sauce - Alfredo,07/09/2021,19/06/2021,30/05/2021,S,954,954
955,"Beef - Roasted, Cooked",19/07/2021,03/06/2021,22/12/2021,2XL,955,955
956,Sour Puss Raspberry,06/02/2022,19/07/2021,05/01/2022,S,956,956
957,Wine - Chardonnay South,02/06/2021,06/09/2021,13/04/2022,XS,957,957
958,"Fish - Artic Char, Cold Smoked",12/12/2021,01/04/2022,21/11/2021,2XL,958,958
959,Trout - Smoked,24/04/2022,31/03/2022,27/06/2021,3XL,959,959
960,Tomatoes - Grape,31/07/2021,05/07/2021,08/10/2021,L,960,960
961,Melon - Honey Dew,23/07/2021,26/08/2021,08/05/2021,2XL,961,961
962,Truffle Cups - Red,04/08/2021,24/01/2022,23/02/2022,M,962,962
963,Energy Drink,18/02/2022,16/12/2021,28/07/2021,M,963,963
964,Cake - Box Window 10x10x2.5,18/07/2021,08/11/2021,15/12/2021,L,964,964
965,Flower - Leather Leaf Fern,07/05/2021,06/06/2021,02/06/2021,L,965,965
966,Butter Ripple - Phillips,13/10/2021,07/01/2022,15/03/2022,S,966,966
967,Raspberries - Frozen,14/02/2022,15/08/2021,02/05/2021,XL,967,967
968,Fiddlehead - Frozen,15/06/2021,17/07/2021,02/07/2021,XS,968,968
969,Wine - Conde De Valdemar,25/04/2021,29/09/2021,09/01/2022,XL,969,969
970,Butter Sweet,03/09/2021,08/10/2021,19/03/2022,M,970,970
971,Magnotta Bel Paese Red,06/12/2021,04/03/2022,01/12/2021,XL,971,971
972,"Crab - Dungeness, Whole",05/04/2022,18/05/2021,27/01/2022,3XL,972,972
973,Nantucket - Orange Mango Cktl,30/06/2021,15/08/2021,20/07/2021,2XL,973,973
974,Lettuce - Arugula,03/10/2021,28/01/2022,22/12/2021,XL,974,974
975,Cream - 18%,07/03/2022,27/09/2021,09/07/2021,XL,975,975
976,Wine - Saint Emilion Calvet,31/12/2021,11/11/2021,14/05/2021,XS,976,976
977,Lamb Rack Frenched Australian,24/01/2022,17/04/2022,11/01/2022,L,977,977
978,Soup - Campbells - Chicken Noodle,06/09/2021,27/06/2021,27/05/2021,S,978,978
979,Foie Gras,05/10/2021,03/02/2022,29/09/2021,M,979,979
980,Island Oasis - Wildberry,12/08/2021,24/05/2021,13/07/2021,S,980,980
981,"Juice - Tomato, 10 Oz",23/07/2021,15/06/2021,15/02/2022,M,981,981
982,Dc Hikiage Hira Huba,26/03/2022,03/05/2021,24/01/2022,2XL,982,982
983,Tuna - Loin,19/02/2022,16/01/2022,04/12/2021,L,983,983
984,Pork - Back Ribs,03/09/2021,14/04/2022,02/11/2021,XS,984,984
985,"Pasta - Fettuccine, Egg, Fresh",07/05/2021,30/05/2021,29/09/2021,L,985,985
986,Pepper - Scotch Bonnet,16/06/2021,09/04/2022,04/10/2021,M,986,986
987,Wine La Vielle Ferme Cote Du,03/06/2021,19/02/2022,22/09/2021,2XL,987,987
988,Plasticknivesblack,19/11/2021,07/12/2021,14/03/2022,3XL,988,988
989,Oil - Cooking Spray,19/03/2022,22/09/2021,28/12/2021,L,989,989
990,Pan Grease,15/07/2021,11/05/2021,18/11/2021,3XL,990,990
991,Cookies - Assorted,23/12/2021,05/06/2021,24/12/2021,S,991,991
992,Mousse - Mango,15/08/2021,25/01/2022,16/10/2021,S,992,992
993,"Halibut - Whole, Fresh",14/11/2021,11/08/2021,13/10/2021,3XL,993,993
994,Steam Pan Full Lid,19/05/2021,08/06/2021,28/12/2021,XS,994,994
995,"Quail - Whole, Bone - In",27/07/2021,08/06/2021,04/01/2022,L,995,995
996,Mortadella,29/12/2021,01/05/2021,19/06/2021,XL,996,996
997,Wood Chips - Regular,09/12/2021,18/03/2022,26/01/2022,S,997,997
998,Apples - Sliced / Wedge,28/04/2021,02/08/2021,16/12/2021,XL,998,998
999,Peppercorns - Green,29/12/2021,24/07/2021,12/11/2021,M,999,999
1000,Mushroom - Crimini,12/01/2022,23/01/2022,08/09/2021,3XL,1000,1000
